zip,mhi,pct_pov,pct_col,pct_unins,pct_essworkers,pct_overcrowded,pct_transit,pct_old,pct_new_imm,pct_non_cit,total_pop,city_name,pct_diabetes,pct_hbp,city,tests,positives,deaths
02108_02114_02116_02199_02222_02109_02110_02013â€‹,108521.76278364856,0.11501629546135586,0.2737143687586937,0.024496395774850716,0.19430655542269964,0.021574277052647344,0.21880216826235402,0.21197085141279298,0.288310618464312,0.10872589117030332,48167,Boston,6.916668051861702,20.619671708776593,Boston,1431,248,NA
02111_02118,59845.707573554086,0.24712258070881984,0.5659469739344446,0.02814970360652879,0.313180188982442,0.037148755003728134,0.2716375177996423,0.16769213558563598,0.18519543724312862,0.13678823134578813,35756,Boston,9.843125382924281,24.045089559231627,Boston,1763,532,NA
02115_02215,41083.58439161657,0.38149798391870426,0.416997094669907,0.03736394784082024,0.2548333585478082,0.0322460511868964,0.2780147810445403,0.06857675370475268,0.45691106772241746,0.18045937105998866,54727,Boston,5.013627392567216,14.899501005436807,Boston,670,111,NA
02119_02120,31650.342129060682,0.35598961922946853,0.796021054096042,0.041684016176217344,0.44319455626306986,0.029642890578245144,0.4020811335502699,0.15020752660746167,0.23895570768069727,0.13233009483618152,43127,Boston,12.317115882048629,28.9751707190895,Boston,1290,472,NA
02121_02125,44399.18123123357,0.28408271549704067,0.8270298862734726,0.056498399833262714,0.48905249587933414,0.03275829774043491,0.39738127305383797,0.15366305210261835,0.21074561226824728,0.16806944941425392,64277,Boston,13.386273599684369,31.89318147533565,Boston,1897,804,NA
02122_02124,55435.75445103858,0.2071060695410791,0.7879698318496539,0.03905430355888947,0.502877812885333,0.03295572601531432,0.36130289497983753,0.167148862512364,0.145709056483651,0.13553412462908013,80880,Boston,12.13612831290509,31.031122858242956,Boston,2400,943,NA
02126,52474,0.20146832849581697,0.9590078064276301,0.040401982752767025,0.5279773418071291,0.042793462109955424,0.33510983075261075,0.19813456794295564,0.1730786972967986,0.13629143996485418,29591,Boston,14.787935845193408,36.93188670534155,Boston,873,405,NA
02127_02210,104419.92936598993,0.1428610879055332,0.22417319299645833,0.022683138286997386,0.2372334562806543,0.020482012187877558,0.3502810197425423,0.12854791240584626,0.1198701914440973,0.051329375966478775,40094,Boston,6.658286276305303,19.837794848315276,Boston,759,221,NA
02128,55483,0.1933744221879815,0.6682293775438447,0.07847533632286996,0.61324899628816,0.09945728398073053,0.5572418599248906,0.12446992136722995,0.22679658952496953,0.36754959831227224,46927,Boston,9.87972808830737,24.351970081189936,Boston,1171,548,NA
02129,118226,0.1797328086164043,0.26826001854331927,0.009996374371989435,0.22030535668075565,0.02033149171270718,0.26597131681877445,0.15736066755949316,0.13336962438758845,0.06660142165447615,19414,Boston,7.068594828474297,21.443118368187907,Boston,410,93,NA
02130,90813,0.15315315315315314,0.4336379622062065,0.02419007573646749,0.31385390428211585,0.023750826769286273,0.4181708264962432,0.1820590930480224,0.19727206151592824,0.10788320083215693,40377,Boston,8.491787198669993,23.77283088574859,Boston,1181,364,NA
02131,73199,0.12060649906553325,0.5302182345799651,0.03313769751693002,0.3870308635337133,0.034847051403342794,0.2696067662565905,0.18965976725592965,0.1392942915204138,0.10301738177726452,33771,Boston,10.024976378585933,27.96299981907002,Boston,1208,397,NA
02132,100915,0.06068498037816625,0.23203566539123108,0.018090523841743526,0.34386835575290586,0.014797303213378863,0.17053547876549724,0.2775652051813108,0.12065585457137765,0.062414434654403765,28487,Boston,8.764290319609469,27.247819379202358,Boston,761,247,NA
02136,64784,0.14376090105536998,0.7459310989685299,0.03376829483336272,0.5148244916505736,0.04148891677122543,0.2532824339175198,0.18078485229231803,0.1395423012518938,0.12710750080355315,34223,Boston,11.589172776753182,31.571089919481807,Boston,1599,580,NA
02163_02134_02135,67136.24586618607,0.2052987250126694,0.3778178268378764,0.043974594599328704,0.2838732709389276,0.025410343579417634,0.35044279844802917,0.13114064729293384,0.32318448951455325,0.17503942329353459,66585,Boston,5.011598000975134,15.811060661465952,Boston,1373,413,NA
10001,88526,0.1326349350945115,0.4685918687838074,0.04309893561333101,0.19686629526462396,0.030890515646367953,0.49660007010164736,0.2104781015529576,0.22906850308082635,0.153856220554877,22924,New York,6.002611473815808,19.660184284854378,New York,685,288,NA
10002,35859,0.27657485609769217,0.7803528329310736,0.05923349608721824,0.36651556721937256,0.08255813953488372,0.5457870991342519,0.2825330364167322,0.089836860670194,0.16544210793007347,74993,New York,14.304272496831434,29.96549556400507,New York,1603,780,NA
10003,112131,0.08453640254584968,0.2955451519695695,0.039065077910174155,0.1422794344631722,0.034795590261828206,0.5112934423160916,0.16921473245309243,0.3066213640507168,0.124172488204528,54682,New York,4.389749028938354,16.21804956355975,New York,977,368,NA
10004,157645,0.021796565389696168,0.3943196829590489,0.04920739762219287,0.07466281310211946,0.038577456298975285,0.5433414043583535,0.13705416116248348,0.4324022346368715,0.1859313077939234,3028,New York,2.845446304466066,11.507874539191393,New York,75,26,NA
10005,173333,0.09511946551919374,0.30562790170988563,0.026837277771486808,0.08325939071280686,0.13283036122542297,0.6284903688218605,0.016645906465858906,0.3473053892215569,0.1399614992639565,8831,New York,2.1087295570237194,9.387214339867864,New York,156,48,NA
10006,176250,0.04748118123914302,0.36797915460335845,0.020845396641574986,0.1280695126558368,0.10869565217391304,0.5652680652680653,0.03647944412275622,0.27569331158238175,0.15720903300521136,3454,New York,2,9.2,New York,68,16,NA
10007,246813,0.023451398997250527,0.2800797380037021,0.0065234685759745425,0.10857592446892213,0.06334675942878067,0.5538945712037766,0.09853339028905027,0.20667384284176535,0.1352698277089563,7023,New York,6.337605356439543,17.756656163844035,New York,167,46,NA
10009,61548,0.23426972115683634,0.48766508416055243,0.056075573362807406,0.20261886204208884,0.043830731969860065,0.590406255960328,0.2106862321968062,0.17114815029908823,0.10727665084160552,57925,New York,8.57417309953479,22.73835352657499,New York,1377,561,NA
10010,117923,0.12717209422062042,0.3605099318114438,0.03564828614008942,0.17881759052519172,0.0336790726052471,0.5558147446177771,0.17266528313074414,0.23963963963963963,0.10584049807293211,33730,New York,5.288096423238285,18.50634999644457,New York,695,216,NA
10011,128613,0.11082364830722588,0.28524726581074655,0.03707538528931544,0.11980702224604663,0.043634990387256246,0.5526211941838934,0.23208907909335869,0.25502084122773777,0.1269416706292598,50472,New York,5.461133115666649,19.27615345501258,New York,1025,427,NA
10012,109037,0.11646514136737537,0.3023792234419717,0.05079677019694963,0.10436432637571158,0.07939539905323478,0.5110928512736237,0.18922728631839733,0.2523406825732407,0.15150997394387253,23411,New York,6.162519475368969,19.267632644967563,New York,394,133,NA
10013,105442,0.1151740830385403,0.4760528057403602,0.0505700296629856,0.20400357006247613,0.09761388286334056,0.45321256353447154,0.21571632589083561,0.1180280328661189,0.15563063847573932,28709,New York,7.34949167526153,20.483937429399344,New York,517,194,NA
10014,126601,0.06350251967985245,0.16107098705185763,0.03510430247718383,0.09842615602007504,0.02139448132097208,0.5308289900678533,0.21113930639599193,0.34539069359086916,0.10049450191944824,30738,New York,4.978666299117883,18.572468925421013,New York,624,247,NA
10016,117004,0.0966660645109492,0.3372896958301506,0.034674691212335775,0.13676747214585444,0.036692488587633146,0.40046735796699284,0.1870066788099575,0.2556597454789015,0.13138257241906104,51057,New York,4.9521955586906685,17.35937029450466,New York,1489,546,NA
10017,127506,0.061704955382570724,0.3149167774191507,0.038668438706410985,0.1143352495665663,0.0513881877839475,0.38819762122598356,0.26814758559584834,0.32548804962598066,0.15378773495348397,15801,New York,5.229735988883743,19.271536530069962,New York,383,121,NA
10018,108914,0.15462847654628475,0.5240012387736142,0.06002066115702479,0.19408141805618145,0.06555446516192345,0.4503513596089215,0.10395375245173945,0.3257802479692176,0.26210385052131724,9687,New York,4.2873765935013894,14.927571168407937,New York,440,179,NA
10019,98833,0.12268332452977516,0.43285357984577716,0.0447056666895809,0.15578670905760791,0.0542708824917414,0.44899312462918367,0.2112898428025536,0.23184450509219195,0.16369585611971718,43703,New York,6.143959534677408,19.751182623377737,New York,1159,473,NA
10021,118289,0.047814955029870675,0.20711890078978687,0.041474051460968164,0.15883380153367246,0.0318851016162586,0.44728546409807357,0.2679000324569945,0.23462844209732175,0.10390565833603808,46215,New York,5.465571366080848,20.92454262408975,New York,1318,461,NA
10022,135363,0.03752939639404233,0.21217670682730924,0.013572186665809024,0.14289323429841846,0.020278131752451658,0.38987380575282277,0.35322088353413655,0.19443556124080588,0.07938955823293173,31125,New York,5.886657755768345,22.204842561956305,New York,806,272,NA
10023,130452,0.08219941637430736,0.2753743893649395,0.029331667307445856,0.12686818743679065,0.03157925978689936,0.571055201332644,0.28208536878353496,0.22286661143330572,0.11688956514775366,62435,New York,5.8681816380710865,21.085974296997794,New York,1323,463,NA
10024,131668,0.07195515018515979,0.2321316587854443,0.03690213580943587,0.14885826317610426,0.02312963027372961,0.6809796062713662,0.26153794003491465,0.22094117647058822,0.09238826460568465,59001,New York,6.657603689988577,22.46916182258663,New York,1430,521,NA
10025,85930,0.14550996218321385,0.4539626097731803,0.043769612970711295,0.23135807104269654,0.0360773085182534,0.6601841715500032,0.269597543235817,0.21274939861327297,0.12750390603954528,92805,New York,8.233335608291247,24.471661174268274,New York,2419,977,NA
10026,58884,0.25190133607399795,0.8032670274115286,0.0589831549843838,0.34099480175313424,0.04418424116962091,0.7910409114448472,0.14887076696390011,0.11186725086231007,0.11393948631964027,39363,New York,10.233883812123203,28.50514087305015,New York,1080,483,NA
10027,46113,0.28628990419534467,0.7491169362335006,0.07338125029107223,0.29503037400278126,0.05400865146360925,0.6537011459927582,0.14474499597198984,0.26912705546449534,0.15357563363698332,64548,New York,9.758505498376909,26.82386572384811,New York,1526,728,NA
10028,125140,0.0502951149064423,0.19050907036595316,0.03059985767508058,0.12621327706541147,0.03819417015562051,0.6258655938798391,0.24024438725336347,0.2095701844742017,0.10662649341953842,47793,New York,5.558398782179951,21.18979402136574,New York,1155,393,NA
10029,34016,0.33209736804444273,0.8453459301229946,0.07476137286758733,0.39675109278606197,0.07668034080151467,0.6992699807224346,0.19249469201100544,0.12007182449839957,0.12005477593376634,79597,New York,12.281122454456646,28.40354255901581,New York,2721,1350,NA
10030,37232,0.2940171512796462,0.8923432166521652,0.08255806170939027,0.4406381311872374,0.0782035175879397,0.7284277006682823,0.16742520580951745,0.147951244813278,0.11977109965865738,29882,New York,11.863333786478158,31.999209262280228,New York,727,377,NA
10031,49891,0.22416091724160916,0.8259866564875361,0.12207188511662655,0.41643851922390185,0.08597841431759186,0.7879019908116386,0.16611345304876024,0.15964230171073096,0.19953861984266605,60254,New York,12.037113861062004,28.722797092909055,New York,1600,918,NA
10032,50391,0.23120700041216194,0.8593613842898046,0.13377049180327868,0.5165330079033008,0.11907454528319668,0.6710972426415434,0.18100336113531681,0.13673345476624166,0.24083468193700983,64264,New York,12.262988479129277,27.617201412609276,New York,1974,1082,NA
10033,58614,0.1959467521178135,0.7636183669703223,0.08220764183712852,0.4129717845364602,0.1187665377569713,0.6862664190908466,0.1891724126360998,0.1547125273984151,0.2220544566913282,59607,New York,10.795977837061358,24.637715106563864,New York,1662,942,NA
10034,54716,0.19554837803679262,0.7989279888137963,0.0946503977789702,0.44479509696304426,0.14414414414414414,0.6912111771924856,0.19694709857841994,0.12427662037037036,0.21843393148450244,42910,New York,11.274646898322768,25.761838937484956,New York,1032,515,NA
10035,30081,0.37551020408163266,0.8982178328623787,0.11206896551724138,0.40731145653425443,0.07859717216523426,0.7210029069767442,0.17497132305626276,0.10746844319775596,0.15611448395490027,35743,New York,14.260318215556783,32.15377500333061,New York,1334,713,NA
10036,91936,0.15250838559136648,0.4859267901414613,0.05851684410091877,0.17666388483204673,0.03491318049805351,0.477728285077951,0.17325360945019688,0.3405024743052912,0.22185358028292257,27428,New York,5.866301362104608,18.623812760173305,New York,778,333,NA
10037,45041,0.25143705690745355,0.941009508491414,0.06809161765409076,0.38663897542402215,0.07029082314253417,0.7027185376142489,0.19357585505463834,0.13731656184486374,0.10066701357680118,21139,New York,13.075084577114428,34.95903624733475,New York,657,319,NA
10038,86058,0.18992587135687647,0.5504824561403509,0.04511344187475315,0.21487334039260403,0.07345739471106758,0.5420074349442379,0.23035087719298245,0.1570062566403022,0.14346491228070177,22800,New York,10.506101032047802,23.467309071156983,New York,425,185,NA
10039,39653,0.2582090091391829,0.9324821467214889,0.08894178749188487,0.4565452878926756,0.06503122212310437,0.7592861412347366,0.14499026184808483,0.10471005317801975,0.12136622664646902,27726,New York,13.052130532054415,33.85655874713915,New York,789,383,NA
10040,47137,0.22303904408504283,0.7901774696551569,0.07782942133395306,0.41797095983405613,0.11915209195970583,0.7113950482251168,0.21924569787530007,0.14888955711155977,0.22660474299432368,44571,New York,11.55828257316892,26.08537567023676,New York,1271,718,NA
10044,100441,0.11613413789692352,0.6192432802602295,0.06558512216836482,0.19610413935193857,0.10088458298230835,0.8288508557457211,0.2544940934771443,0.41723979825768,0.3766478342749529,11682,New York,8.689548022598869,25.97909604519774,New York,321,144,NA
10065,127375,0.0687336837964453,0.19299868369561352,0.026530685019434435,0.16263432791018792,0.04163298302344382,0.42872813699798884,0.26909530755274114,0.23733095556546288,0.11761357572307801,28109,New York,5.671170974774213,21.555210214886326,New York,862,267,NA
10069,110625,0.10265486725663717,0.3858407079646018,0.018289085545722714,0.09340277777777778,0.0768025078369906,0.6135416666666667,0.10658800393313668,0.5565669700910273,0.23736479842674532,5085,New York,7.046757153851536,23.613310711537114,New York,137,46,NA
10075,137146,0.05081541006854172,0.2409537947671182,0.020798865516426377,0.13597301421572563,0.06062528318985048,0.542779028626568,0.32278715902764893,0.0722972972972973,0.1100389682686955,21556,New York,5.714737672474639,21.57650331455776,New York,800,328,NA
10128,114010,0.06249576127500848,0.2890340218712029,0.030720410505705217,0.1808813672922252,0.038643250464305494,0.6506215587216893,0.244565951127312,0.1963366535196203,0.11028419063048468,59256,New York,5.6176557386629264,20.00691912108462,New York,1566,529,NA
10280,169844,0.03580562659846547,0.29539641943734013,0.03804347826086957,0.11132972618462043,0.08355263157894736,0.4800859362088912,0.13139386189258312,0.2602653190145294,0.16400255754475704,9384,New York,4.312848158131176,16.10516621743037,New York,128,35,NA
10282,250001,0.03397103522259968,0.3304130162703379,0.013588414089039871,0.05457685664939551,0.07709547288211564,0.46110124333925406,0.08260325406758448,0.30721776681061075,0.16985517611299839,5593,New York,3.8,15.4,New York,139,62,NA
10301,55802,0.23048478751461432,0.5751426432241241,0.0633273324155459,0.43344545891398367,0.0586651942853199,0.4217479053268913,0.2154751762063357,0.15695775834825662,0.09260837012366716,38733,New York,11.021612729052071,29.6004960685722,New York,2035,933,NA
10302,64103,0.16405474009491225,0.6879257306086575,0.10845365369778463,0.5529396629358034,0.041632785818832334,0.2845528455284553,0.1521094264996704,0.08778851844545275,0.1482641177763129,18204,New York,10.555579187011354,28.25731360273193,New York,1055,501,NA
10303,62558,0.2531733746130031,0.8234477974332293,0.08092150960870571,0.5771488072699735,0.10152035311427168,0.3935069909978931,0.14533472077696843,0.07048984468339307,0.127760434732339,25947,New York,11.39531756588245,28.69444051874636,New York,1518,700,NA
10304,52199,0.21520832286274313,0.621590687706994,0.06323815219016296,0.4914537657788247,0.057154953429297196,0.3968350950082483,0.21240015585427624,0.10397179450280616,0.11277518020650691,41064,New York,11.620805578684429,30.433642103802388,New York,2418,1120,NA
10305,76489,0.12857690648516512,0.37656626790864817,0.0484060262029652,0.44289633654311683,0.06390233922116893,0.35613439859910256,0.21774079152678613,0.11312812417784793,0.10884675398363988,42298,New York,10.289818832179645,28.432817209286924,New York,2403,995,NA
10306,79569,0.09860198305664247,0.25377291031575777,0.0417347055026013,0.4295701084773001,0.02564102564102564,0.2776692708333333,0.2513642693161718,0.07199572453809742,0.06333973128598848,53142,New York,9.730504529348101,28.739137718869074,New York,3160,1212,NA
10307,80893,0.07098052162429845,0.12729779411764705,0.04365261981460785,0.36862089914945323,0.035190063981934513,0.19547262159681858,0.17069327731092437,0.03811149032992037,0.031446953781512604,15232,New York,7.94851174466559,25.105814057737135,New York,836,336,NA
10308,93963,0.05862468931234466,0.16292320943483735,0.027777777777777776,0.41515436338659534,0.021130728775356874,0.26133196420712923,0.24898959782680713,0.0663273175998766,0.06267806267806268,30186,New York,8.795168534014088,27.27400605115114,New York,1487,559,NA
10309,103175,0.09228884706163544,0.14959291401986222,0.025162676855113128,0.4000868270900521,0.00942079553384508,0.23808321232401036,0.21860368017655304,0.0344151212553495,0.03334228027795175,33531,New York,8.061528013582343,25.235706470477268,New York,1955,741,NA
10310,72093,0.19085384250678847,0.5840426446565213,0.08448401944336904,0.49699278267842817,0.04720824346992571,0.3177475096564342,0.2047115467285702,0.05897135198525716,0.11164130341329206,23262,New York,10.25052052307605,28.526800555981048,New York,1419,587,NA
10312,95064,0.06494034266393575,0.1799776485641632,0.02797893884163629,0.39260372610017824,0.02286970348891591,0.22180424444602173,0.23721676033753908,0.03190249072602014,0.027696344406472197,61741,New York,8.808025842755171,26.929930703902464,New York,3173,1301,NA
10314,86742,0.0954686419312376,0.37532640671654127,0.04348988801604546,0.43314377369495477,0.049263439831643385,0.2691804976694863,0.23758001784907615,0.06206150022050275,0.07114289177069447,90761,New York,9.922343054435839,28.114072522696205,New York,5219,2210,NA
10451,28921,0.355478734548502,0.9735553788861459,0.09791396137896369,0.5570875536935885,0.09987972598441668,0.6740494244722055,0.17065567596970585,0.11220103604100076,0.1555085986861375,47798,New York,15.165567184167452,36.39630640014549,New York,2339,1245,NA
10452,28277,0.37155197541005325,0.9809931911985068,0.11866238009908295,0.6184783676677693,0.18632779606522237,0.699670189136434,0.12148058571466126,0.1660852297123229,0.25076894765898156,76078,New York,14.247623790218638,33.98767604808661,New York,3076,1705,NA
10453,25275,0.40495219788557846,0.9881792829686205,0.09490336129170177,0.5988842489886468,0.15653194454632144,0.6528088014669111,0.12447554204456951,0.18435799561439128,0.23260809486722106,79606,New York,14.336982205932832,34.002409451783286,New York,3140,1729,NA
10454,21149,0.459364894237396,0.9767557521660603,0.14240788301273652,0.60353309481216455,0.14035087719298245,0.7143300248138957,0.1204355678873387,0.08861805412104937,0.17082428081564274,38203,New York,15.631398671466211,34.85749619623706,New York,1579,843,NA
10455,26801,0.3955214944318045,0.9866849561289407,0.1218135685660762,0.5893725911417198,0.12297757100201374,0.6861209964412811,0.1329612373767235,0.13650425367362723,0.1893668850365395,42283,New York,14.524571533555548,33.674786751003914,New York,1715,922,NA
10456,27106,0.3873686030055205,0.9879746969793458,0.10268255213089393,0.6233003529479836,0.1412556053811659,0.6722450079334191,0.13754272007472032,0.14841552363645416,0.19510072385319152,94218,New York,14.976181731834732,36.11685531106538,New York,3394,1827,NA
10457,27420,0.3811080286758041,0.9858894224320627,0.10993705944984299,0.6193850889437703,0.17902086547048796,0.6622462283479232,0.1287657268557019,0.18193525727331264,0.23647289213187755,74554,New York,14.370927330656855,34.36314351381477,New York,2849,1524,NA
10458,33932,0.35265312179257297,0.916686517389233,0.11770874295451568,0.5869042445313631,0.17128509640055714,0.6655621159175804,0.12310624106717484,0.19571975438686637,0.2483920914721296,83960,New York,12.43379125798301,30.801982571673,New York,2927,1504,NA
10459,27687,0.3426585071395862,0.9836404624516556,0.10415759460860549,0.5693918955968635,0.10181906971065803,0.6579657965796579,0.14264441273189798,0.12243611501721378,0.1794792248350603,48351,New York,14.57260340095712,34.38633686852666,New York,2050,1135,NA
10460,26866,0.36704164468421857,0.974136627174187,0.09305336068054203,0.5878122308354866,0.12009000635914494,0.6373316630128406,0.15864213091336862,0.12325929335941996,0.1783043441727586,59505,New York,14.621048963234013,34.63122897315265,New York,2343,1231,NA
10461,56612,0.1483880107668333,0.6672360371812187,0.0764181998101662,0.4666133041243628,0.08173508744122153,0.4539930181442055,0.2104552315881465,0.11464744153332161,0.12046158735202987,50348,New York,10.140124967456392,30.56168532500217,New York,3118,1482,NA
10462,52409,0.1946979118936964,0.8839308979102611,0.07622755899338855,0.488343691480989,0.11129539992553227,0.6292670821154801,0.17231226223357132,0.14698646986469865,0.14960393975715253,76756,New York,11.592943141768698,31.799512090777597,New York,3674,1778,NA
10463,58551,0.17241529673396416,0.6835201793721973,0.055220290648269506,0.41693683957732947,0.08092183250819329,0.5626733136002493,0.25360145739910317,0.12175403300920236,0.1296244394618834,71360,New York,10.66522309398326,31.746544487635038,New York,3180,1431,NA
10464,93365,0.08096526838069464,0.33107803337843933,0.05254848894903022,0.306511820821236,0.017960908610670893,0.22143156132272918,0.3010825439783491,0.018867924528301886,0.02886783942264321,4434,New York,9.987479674796749,34.112466124661246,New York,301,112,NA
10465,74796,0.12151653390691848,0.5724917995701844,0.06120957427370728,0.4267823686027019,0.03626359884956859,0.30840216172121954,0.24445198506956226,0.06708160442600276,0.05341024770953512,44205,New York,10.160475118170936,30.886075101941454,New York,2912,1244,NA
10466,51477,0.19691335588671122,0.9713848149119055,0.09477960819234194,0.5407167120604707,0.09302227472156598,0.49332699318433987,0.18530884808013356,0.10607098025790254,0.15645911229459566,72479,New York,12.976688410524028,38.221618830180475,New York,3661,1919,NA
10467,37015,0.27886637775016876,0.9061427524775383,0.09853615692397776,0.551347764404375,0.15896221278449307,0.6278409090909091,0.16684340415686577,0.15215867824757373,0.19667990591138704,103732,New York,13.103926933953199,34.64839618929084,New York,4905,2594,NA
10468,36046,0.3208483928640333,0.9704629547217313,0.12341297802831337,0.6104806979528996,0.18091730579390994,0.700487632924035,0.13701730517375107,0.16325105358217942,0.25918343992777854,78647,New York,12.918540331491712,31.59186408839779,New York,3321,1860,NA
10469,63652,0.1507986593181595,0.8929606064708271,0.0764809285973381,0.5351983693243922,0.0976837416481069,0.4616206643869077,0.2290374983078381,0.1129046484960748,0.14253418167050225,73870,New York,12.700029674219461,37.36351978634562,New York,4285,2317,NA
10470,57160,0.12379713914174252,0.6377656817003629,0.08258609486679662,0.45277703246579015,0.07077024358130349,0.5074441687344913,0.23302229134266458,0.1121217132462378,0.12350959046137895,15432,New York,11.200373197625106,34.45321034775233,New York,782,371,NA
10471,85707,0.10014344153429314,0.4145506028498356,0.044472495994562315,0.32894211576846305,0.03210048848569435,0.4313405427463783,0.328781512605042,0.09362549800796811,0.08850931677018634,21896,New York,8.56936739815947,30.863141128772764,New York,1108,466,NA
10472,30977,0.3442088091353997,0.9739083667655096,0.13873860736419977,0.600129051848478,0.15854160003655138,0.6674383927169989,0.15897726612012328,0.1594535712182771,0.24486888772603058,68796,New York,14.68163556020699,34.2956450956451,New York,2593,1462,NA
10473,41638,0.2565827277336488,0.9742488550386686,0.06413153456998313,0.5474654377880185,0.06462861237162647,0.5007794753017683,0.20532134409233505,0.08822636161166228,0.09649549564663054,59609,New York,14.651806724798742,36.08676128470769,New York,3013,1498,NA
10474,25493,0.4287111980788046,0.987878288117424,0.13199476211261457,0.633275904504061,0.16886467889908258,0.5756504167719121,0.121876803826173,0.16147511636233441,0.2683268739177043,12127,New York,13.68307083367692,32.55640306753525,New York,483,256,NA
10475,50832,0.10548341583566492,0.9208711349750046,0.05426264262404421,0.46655594141627665,0.060291060291060294,0.5543658183322988,0.32042677281984816,0.024468375136314068,0.06190983151268284,43208,New York,14.763651769527865,42.27917356349019,New York,3114,1405,NA
11004,92657,0.06033086941217881,0.665878954969148,0.03304517568321249,0.41198858230256896,0.042294322132097335,0.1933824551647435,0.2955231718524353,0.07152252548503782,0.07529210975449652,15234,New York,10.625674197077943,27.862888588530605,New York,774,454,NA
11101,65392,0.18550264907366787,0.6755983090903039,0.05827074000471555,0.3231603313840156,0.07479687144050422,0.7598102077455758,0.13304263888426587,0.1883781439722463,0.17914322803980962,30043,New York,9.806522060635938,23.673451647358473,New York,1122,480,NA
11102,64067,0.17517123848851307,0.570487012987013,0.1004095004095004,0.34094523971824586,0.06762545899632803,0.7207261360904064,0.16136363636363638,0.13803308544543938,0.18373376623376622,30800,New York,8.441739446870452,22.388687530325083,New York,946,470,NA
11103,71437,0.11996448784818554,0.4202268954067515,0.10979524073049253,0.32477872170084066,0.05541015001595914,0.7313987071929583,0.15237963475373548,0.14050099206349206,0.18602656336469287,36140,New York,7.962122749853107,21.54268824671047,New York,895,414,NA
11104,61269,0.12020578185587592,0.5650292890233164,0.1361078142348482,0.3643493287252426,0.10594715552112918,0.7178473292674755,0.18637773268501856,0.12981574539363483,0.2846969638960144,26119,New York,9.57556911981927,23.136488834824917,New York,757,369,NA
11105,73959,0.10627075077648067,0.3907495586110962,0.08656756394803804,0.31712756467439784,0.06548200221310942,0.6410280157443853,0.17433524156010916,0.10552500654621629,0.13658980257878123,37382,New York,7.723631784352878,22.655418406244326,New York,968,395,NA
11106,63703,0.13440747897843003,0.5886922294919584,0.0832225263981228,0.35239295844401425,0.07374058380414313,0.723591798255951,0.18035607225712275,0.1438933773662794,0.17939160128248574,38363,New York,8.838475085465658,22.96936289236507,New York,1065,483,NA
11109,148590,0.05550911218859723,0.3781976258150811,0.07891656913559605,0.1425561797752809,0.06567366283006093,0.8534249938620183,0.03628155826784819,0.38735014468788753,0.23022905868583848,5981,New York,4.3,15,New York,149,43,NA
11201,124996,0.12998465611142024,0.41118698565811884,0.05445129231067084,0.14309539693128753,0.05536751344995903,0.6844922799504114,0.16151727870365948,0.20461175163217113,0.0990560781879248,62823,New York,7.425030132583367,21.29611840485232,New York,1326,492,NA
11203,51277,0.16335669255120538,0.9618162781142728,0.08021001615508885,0.5484767718453558,0.0641907712258204,0.6010681765117908,0.23868470928152047,0.07675597393193338,0.15253608302076846,75451,New York,14.112606233689498,36.97228026983111,New York,2814,1560,NA
11204,49785,0.2275716573988462,0.4560523786016784,0.08231822259200998,0.46218381775333855,0.16745053175712893,0.5254974518778199,0.19314609368910599,0.1424977439908119,0.18813167398477487,76978,New York,10.744675713764796,26.737257684613034,New York,2849,1520,NA
11205,56708,0.2919558359621451,0.5773271969433831,0.058487687949444325,0.32158734615564605,0.09942310052780166,0.5969625059326056,0.11468825981243487,0.17401545129074808,0.10815387287252519,46064,New York,9.679625712238563,25.074067692517655,New York,1159,538,NA
11206,36404,0.36559408754974415,0.665712118982671,0.0788378448872206,0.3775581645842309,0.10727401584949424,0.6690490645179094,0.1391526785815346,0.10287854889589906,0.09591506412070312,88349,New York,11.378061382393398,25.678932255845943,New York,2213,1132,NA
11207,37243,0.28894066446132033,0.9598247292654286,0.07716866020861123,0.554405900596836,0.08670276774969916,0.6812865497076024,0.16782281563954246,0.11061531235321748,0.13644370025659983,91972,New York,14.117909702146479,32.76625746271712,New York,2847,1478,NA
11208,40733,0.2577339520494973,0.9757956618690452,0.06538859682952078,0.5924642049736247,0.1966688418632112,0.6622239244223158,0.14272248124873302,0.11430247565411242,0.16684573281978513,98660,New York,13.537775230192524,30.571537103759507,New York,2948,1654,NA
11209,72314,0.13292863488303228,0.35451046321284785,0.06610187063998696,0.3233741370308058,0.0843431068027443,0.5772111269614836,0.23734312554380688,0.12463207467832815,0.11396717249922576,67809,New York,8.430228747196066,24.053917446842807,New York,1999,883,NA
11210,65900,0.12425787106446778,0.7050566825775656,0.06462300758163692,0.48279998703109295,0.10930974087214264,0.5525144489470537,0.18970763723150358,0.13344516221135658,0.14633054892601433,67040,New York,11.222559659228423,30.956036594220436,New York,2442,1320,NA
11211,71225,0.26219673318392234,0.3605979108200811,0.061234254467337164,0.218496802717216,0.10336684948202317,0.6251380091812424,0.12413275647022139,0.1542571461283059,0.10089257873401933,102624,New York,7.906719022687609,20.57503585437078,New York,2930,1545,NA
11212,26239,0.36135637798234077,0.9881479739177023,0.09474169741697416,0.5843212375307214,0.05687670884466205,0.6743124457690421,0.19215440302115594,0.10659083772373609,0.14313902282854418,76527,New York,15.706944309927362,37.36656981436642,New York,2406,1293,NA
11213,41710,0.23602114397457835,0.794087035221359,0.09251482026168564,0.4381028404177476,0.09130139449394654,0.6542501050273071,0.1636775020740629,0.10130395148824858,0.13756693566633985,66295,New York,13.5390830632249,34.300844821077575,New York,2058,1099,NA
11214,54041,0.1751091182809674,0.573128483205302,0.1109993401910201,0.5012778810408922,0.13487614693264022,0.5893218925038732,0.2215157188044671,0.14822492873801502,0.22334473780474684,92946,New York,10.829405879435894,26.867224624379038,New York,2208,1154,NA
11215,123583,0.07095924531543009,0.33062033183191747,0.036550542547115934,0.17635541804645766,0.04784354810546534,0.6767458426469505,0.14544728889902503,0.14739500265816055,0.08704886253492217,70156,New York,5.6379077973528995,18.0071311193488,New York,1266,487,NA
11216,61121,0.17368270842995256,0.7397172693045393,0.08173581815916413,0.3190253399064276,0.06009385771834379,0.7237762237762237,0.1612026710236556,0.12379480840543881,0.10883000639340769,56308,New York,11.080015752705355,30.386793982009955,New York,1163,543,NA
11217,107362,0.1462929786241932,0.4911005385562828,0.044667318982387474,0.19573476083577965,0.05628474809422823,0.7222564734895192,0.1544183350641196,0.16916368515205724,0.08682106890139349,41407,New York,7.521521483491632,21.415962008141115,New York,898,431,NA
11218,69415,0.19885566231242577,0.4753315080259838,0.07731549405731361,0.37426401318888364,0.13810021716399903,0.6103633510381459,0.1670022011059215,0.14150810429880198,0.1473130402104472,74508,New York,9.980598037835046,25.256477491433127,New York,2376,1294,NA
11219,39295,0.35530249588498103,0.3811031143098316,0.06823891996918026,0.42939706811956296,0.25644699140401145,0.40011198904995954,0.1618796925674175,0.16286817819972285,0.169654360478031,90036,New York,11.929621181416305,27.689839103428124,New York,3905,2182,NA
11220,47079,0.2938351269547671,0.8593519651202911,0.16097361637922003,0.5866861248316121,0.2325962325962326,0.6150286315297417,0.15898706648683125,0.15186181360905407,0.3406417615507669,95643,New York,12.98048636857515,25.789750097456185,New York,2045,1136,NA
11221,50153,0.23170218648203578,0.8354744438480348,0.11310321715817695,0.3972821742605915,0.066016649930355345,0.6845669096750278,0.1436154350808135,0.12399720245196857,0.11942506113198545,83835,New York,12.28632360169867,29.46469697091791,New York,1782,938,NA
11222,85111,0.10577794873203836,0.2657568782198838,0.08711498410610545,0.23720614444538743,0.04334724153917478,0.657197380405083,0.14770360626986737,0.13873873873873874,0.11988929080346378,36492,New York,6.158343901692396,18.83914155770324,New York,773,344,NA
11223,50108,0.2028008870700957,0.4787685385565296,0.0834413916277249,0.44273121428776524,0.12132484440947135,0.554483890827006,0.21939380601303354,0.11879463080660597,0.16684395212070083,81789,New York,10.626095954266512,27.245221239844685,New York,2592,1309,NA
11224,33131,0.27874139283535254,0.48951977219688697,0.06265647791348268,0.5035418774927078,0.06093457943925233,0.5660830970287264,0.32635365148692913,0.06759206047478007,0.10368895454642774,46707,New York,13.85606428323782,34.385725939673286,New York,1482,800,NA
11225,55862,0.18554155313351497,0.7534730477904963,0.08213520954420311,0.40001274941033976,0.06977805434557145,0.7277810096309224,0.18477633232566829,0.09892709301343246,0.1357630515267824,58882,New York,12.05833895822263,32.280579052433545,New York,1721,936,NA
11226,52052,0.17413796553863395,0.878725929176182,0.11105670257629964,0.503876603318127,0.1342934146407862,0.7280578849411323,0.17777755616941074,0.10555065700337642,0.18469838547224188,100277,New York,12.556319134448058,32.49121812816826,New York,2906,1606,NA
11228,67911,0.13768229224825246,0.5082455438502912,0.06094813162297825,0.40080676516329705,0.08924604730171175,0.4748,0.240654309463484,0.1318576996102728,0.1542427879272792,44994,New York,10.326948478331207,26.695816600369234,New York,1058,513,NA
11229,60873,0.14609112709832134,0.40594390958560067,0.06753616939733639,0.4256167784880343,0.08779809991598268,0.5135361278307107,0.2526938946361299,0.12322378488668657,0.1468396818752616,83615,New York,10.02499641295926,27.201125852520015,New York,2446,1214,NA
11230,49541,0.22878678461816213,0.3400841987089531,0.08614362899594777,0.41481926395107566,0.15026821928562084,0.5050646763377199,0.2071063710356441,0.1499691103789127,0.1619534100477126,89075,New York,10.25200283293936,27.596017328758933,New York,3289,1755,NA
11231,100213,0.15348578688264253,0.4202140309155767,0.049491346280882545,0.1787473260036814,0.06661571774296268,0.6191610092207924,0.15000660589245607,0.12766744788454423,0.07142290923503765,37845,New York,7.786678844616965,21.20581344902386,New York,729,337,NA
11232,56661,0.21647819063004847,0.7775161220201434,0.14460086573333852,0.45809474232170744,0.18054925102133454,0.7055266380894061,0.11937540757916093,0.13260479530256075,0.230744148974712,27602,New York,9.812664939087957,21.558046644625147,New York,630,380,NA
11233,40449,0.2812729273661042,0.930746299743553,0.08627348643006263,0.47906157657523213,0.0650877491906628,0.7017247617898926,0.1596740389747328,0.1065922118995849,0.09625222926619717,76819,New York,13.811083856246436,34.75716714204221,New York,1788,954,NA
11234,81399,0.08006414354738971,0.624736060878473,0.06113057574648329,0.46432343753511474,0.06888644573582535,0.43470004118427674,0.23876821441264398,0.05104843395130196,0.09191353249848432,95666,New York,10.294697421621263,29.583831870389833,New York,3481,1846,NA
11235,52538,0.19387069255228395,0.2811796027032562,0.09155502732311031,0.4748713333520826,0.11710929994731788,0.4835638894481033,0.30319475732131884,0.13571904258236378,0.19423254147040753,78128,New York,10.408730846514995,29.199812393459485,New York,2876,1493,NA
11236,67669,0.1276193730590257,0.956812949138352,0.07833838009104217,0.5519678747771928,0.0713899405083829,0.5471611721611722,0.20306784543162135,0.07168066706569524,0.11426179346363537,100331,New York,12.469585914742604,33.98106756489684,New York,3723,2097,NA
11237,51413,0.29932916012478844,0.8014398702088826,0.18160616507807747,0.46803670281337684,0.13088410991636798,0.694082130278283,0.09776921516933684,0.13844193837587881,0.23252889880348815,49310,New York,10.61905851910828,22.7429488455414,New York,1129,663,NA
11238,85407,0.12987926820235537,0.5748991565823249,0.056875543146644975,0.22391425217767344,0.03788650344237585,0.7144971345802633,0.1742757609094243,0.11597859327217125,0.07803447011367803,54540,New York,8.27108054819707,24.264575244039627,New York,1193,594,NA
11239,27104,0.2847526849190743,0.8122168529145274,0.036303131145061264,0.5657867812563945,0.04021289178001183,0.6071269487750557,0.34830866807610994,0.03108914968087297,0.041301721534279676,13244,New York,16.267826816228116,39.544008805954505,New York,732,388,NA
11354,42500,0.19989883283061993,0.8358695652173913,0.1945978323942871,0.44875148632580264,0.09775258552108194,0.42937620790328557,0.26614130434782607,0.20123423665146228,0.3550905797101449,55200,New York,14.505438820732742,29.887225401072715,New York,1516,838,NA
11355,39207,0.22635946305719012,0.9252594214191187,0.21338886126305323,0.5165791692734543,0.16163152937767153,0.433778993496525,0.24224209367617774,0.21753024813726157,0.3844631615400789,80853,New York,15.187416496250853,29.422858116661796,New York,1714,935,NA
11356,60493,0.12265406914322526,0.7350826127900009,0.12254355101690553,0.5043486306439674,0.0754058768281229,0.3069605349910521,0.19334817224552692,0.17947103274559195,0.22887595240133551,23362,New York,11.44899366446148,26.95045678882705,New York,821,425,NA
11357,83951,0.05958758718285656,0.4023106611197434,0.05658856135046611,0.3353632013919095,0.02245952462969342,0.25946187339510995,0.2929427096386146,0.05826615754490171,0.0953085058393063,39902,New York,10.960101735970934,29.05634073475979,New York,1316,642,NA
11358,66129,0.09851951547779274,0.6645334767410594,0.12037435456110156,0.40421861086375777,0.04799877319429535,0.395507030982051,0.2527830061844582,0.10300451728122702,0.2093035762301694,37190,New York,10.775836929028419,27.16002909619931,New York,964,445,NA
11360,86174,0.08071428571428571,0.44793843331124816,0.03971247960848287,0.32973994220937985,0.02295234766398695,0.26929713562636604,0.34075735181693084,0.09742471726393241,0.1057030732378574,19621,New York,10.393024523160763,29.998551316984557,New York,617,260,NA
11361,85887,0.08742863539684316,0.5821772003229831,0.07043355184743742,0.3449559676380039,0.04338719329742669,0.3293223091687583,0.2604051970931513,0.11049535339756161,0.14769140424282465,27246,New York,9.939251002004008,25.844892284569138,New York,763,352,NA
11362,89185,0.059909570459683495,0.5572351904278617,0.04998924962373683,0.33874239350912777,0.029506362746469027,0.24769884352135946,0.3288820041664441,0.07894076305220883,0.09759094065487954,18721,New York,10.49299824407375,28.170219490781385,New York,564,248,NA
11363,104792,0.059027276663299176,0.4920886075949367,0.03552934407364787,0.27006880733944955,0.03194287861706126,0.3630970038564224,0.2730149597238205,0.07220367278797997,0.09062140391254316,6952,New York,9.804943329236652,27.158022668305343,New York,209,84,NA
11364,76988,0.08197167755991286,0.6597565614302016,0.07998369343660823,0.36198699382479915,0.04043086911612808,0.34782851089925854,0.25751236211487255,0.09564361024215039,0.12392001304135196,36806,New York,10.57425072769246,26.91754090133494,New York,871,384,NA
11365,66483,0.11873732985809442,0.7468376942400462,0.08589911744436787,0.40090728664587466,0.0721212510436067,0.37875457875457874,0.21797123357712914,0.09300329088567749,0.15099037414134228,44983,New York,11.657774303581581,28.056007674815234,New York,1338,653,NA
11366,78990,0.12003031764624819,0.610443686006826,0.05147109488045201,0.36895674300254455,0.05870925965896827,0.3812272174969623,0.24668941979522185,0.08790322580645162,0.1390443686006826,14650,New York,10.333554559558698,26.382264552088724,New York,636,330,NA
11367,57933,0.1423178743014021,0.5359602142310635,0.06275890141991715,0.4046320790368731,0.08888888888888889,0.4195256605261676,0.23637146136189746,0.11619542964643391,0.14510807192042846,41824,New York,10.790031471282454,26.814685287175454,New York,1654,803,NA
11368,50797,0.2018046766545874,0.9607827440515899,0.2382244517240456,0.6826374839065661,0.2965055083853765,0.6547296523829511,0.12838781409828776,0.146076591355177,0.3852790749388481,112425,New York,11.960124031531722,25.234004748346106,New York,4719,3211,NA
11369,54121,0.15546633909578453,0.9194853156691483,0.14096929381718834,0.557854455830847,0.14474451136584418,0.5467534304710708,0.20393926959376282,0.10687297589060814,0.2521249780174688,34118,New York,12.728202513504574,27.825270091500386,New York,1835,1191,NA
11370,65098,0.13199556716536057,0.7466937319308605,0.07671426885400684,0.4712774613506916,0.11672713624421369,0.530261650955863,0.17094174817001906,0.07333506089660534,0.16937319308605525,32514,New York,10.279257246376812,25.71652400362319,New York,1992,1114,NA
11372,56383,0.12059393367089431,0.8217773753314792,0.13146950843107313,0.5029388354864385,0.1269421348786428,0.6517960421421203,0.21012547700666193,0.13255642657968117,0.35969536252506307,61844,New York,11.884941665372995,25.60600303316177,New York,3031,1935,NA
11373,51183,0.15647955796372048,0.9345727755488629,0.16677164849947154,0.57913491246138,0.20194815915469705,0.7038984745099743,0.1982504496259325,0.15104975464314555,0.3332340076835485,93967,New York,12.139574935214512,25.12955927872157,New York,4013,2474,NA
11374,63161,0.13298259623740516,0.5646730593393197,0.0773163238984124,0.3596317024733706,0.0973423980222497,0.6020796583418438,0.2795348510069632,0.1195150115473441,0.2010878484514571,42653,New York,10.176645883293364,27.10651638689049,New York,1762,870,NA
11375,80542,0.09073724007561437,0.5002721532767255,0.04203797243097477,0.257352157698455,0.06409593085187328,0.6202124761645328,0.26798933159155236,0.10329019903673185,0.1390022860875245,73488,New York,9.426501693206353,26.289181014170328,New York,2635,1263,NA
11377,57010,0.11249491722335173,0.7904791659434628,0.13222085547845058,0.5199832277712798,0.13012738853503183,0.6611544251466062,0.20217308293123198,0.1628617824051963,0.36075722336006294,86421,New York,10.641181306420927,24.456360248349945,New York,2892,1627,NA
11378,73333,0.09528187102879546,0.45921296172107623,0.09024988543547996,0.4820432745929065,0.0768803554427166,0.4649142857142857,0.18589554440838005,0.09743355319009991,0.1599291826497492,37279,New York,9.246984279756175,25.332024840735137,New York,1178,581,NA
11379,82819,0.08464067135259375,0.33819449948482205,0.06416926812348249,0.3862765957446809,0.03946978672985782,0.43094733409424424,0.23774801194156034,0.07427795253074064,0.1090063670708832,37851,New York,9.252034107252928,26.92238545305116,New York,1331,631,NA
11385,72261,0.1131293967371397,0.5387145440745148,0.1231219402397164,0.502351168321865,0.06507999772248477,0.5897742755090768,0.15933731270556706,0.13687185668564777,0.1975036779519664,106717,New York,9.226773780018803,23.98949576959234,New York,3097,1611,NA
11411,93882,0.04187192118226601,0.9900284214075823,0.06743468620456955,0.5499197128553887,0.030940988835725675,0.3819713400464756,0.25150537116431426,0.07494878901072419,0.09990847343320969,20759,New York,13.541430028239724,37.83923360527142,New York,961,561,NA
11412,78517,0.08250656942135465,0.9923647818890491,0.07493242700778761,0.5433559446810748,0.05435274934323761,0.4181368330464716,0.20740562763628598,0.07653826913456728,0.10505099044262908,37458,New York,13.37863454598654,36.41677557787965,New York,1821,1019,NA
11413,86324,0.07906236640858785,0.9851094408972033,0.05855322374342697,0.531723939335765,0.0475072839106507,0.37885949914512723,0.22590297575571944,0.08851873884592504,0.11118441203496454,42443,New York,12.61940697965695,35.406205750899815,New York,1917,1057,NA
11414,71648,0.11614682061002929,0.32153735583011056,0.03728348482250043,0.3860634583270077,0.02902621722846442,0.2784573432021815,0.292652041479859,0.03624078624078624,0.035182586673055204,29219,New York,10.546681953523393,30.309664944043263,New York,1253,672,NA
11415,68294,0.12326146528100926,0.5348957257897997,0.05972537683254181,0.3577919566898685,0.10192147034252297,0.5382113821138211,0.21866611604377453,0.11033941973787388,0.14866818087962008,19372,New York,9.157154128367983,24.985656238904884,New York,843,411,NA
11416,67461,0.15234894371399024,0.8728847926267281,0.090868843386829,0.5370969013640305,0.09976444506027435,0.5526294199688243,0.1560184331797235,0.1265495164146574,0.20117972350230415,27125,New York,11.354478704012733,25.628024954429925,New York,886,510,NA
11417,73424,0.14191988950276244,0.8044288533216399,0.0799398571607568,0.4848565532849631,0.08024282560706401,0.4747225647348952,0.17925267015378832,0.09936102236421725,0.15739029661415102,31927,New York,11.014129036954358,26.050738844539346,New York,1230,677,NA
11418,66570,0.14734444938879146,0.8361243087467871,0.14110157330341536,0.5353097393095225,0.11976595355640883,0.5164142125119657,0.175584806708726,0.1242600679281902,0.2247319365474985,38517,New York,10.464184509928627,25.34432725602431,New York,1497,797,NA
11419,70882,0.13420893109719134,0.9569511064533033,0.11298421084470972,0.5360584911930873,0.11347063065950798,0.5054926554147902,0.17554113426579063,0.11654609819916885,0.2242734491515176,49618,New York,12.030441710333951,27.199985216091463,New York,1587,871,NA
11420,67932,0.1205929238349585,0.9511848048010889,0.08663172231623262,0.5067173637515843,0.08085720799452846,0.4114391143911439,0.18538225164470293,0.07942912650377344,0.15232320732537277,48489,New York,11.911470316825593,28.468978775761304,New York,1965,1057,NA
11421,72066,0.10306222439980402,0.8317643041802839,0.11642431931296965,0.5456995956671492,0.07492696339577247,0.5913468967293329,0.1788693234476367,0.10004219211476255,0.20220964830983854,41002,New York,10.909199038065731,24.86471824425331,New York,1645,907,NA
11422,89235,0.0725181295323831,0.9671778567420983,0.06385767790262173,0.5302077719897013,0.04558168445042992,0.33376099706744866,0.19621594663674335,0.08522924928685731,0.12262327785050807,32082,New York,12.007913332397399,34.13101923346905,New York,1472,781,NA
11423,70266,0.09129800680602819,0.9106050955414012,0.089085926164759,0.5110533159947984,0.08123020333094921,0.454928868185824,0.22496815286624203,0.11384439359267734,0.16687898089171974,31400,New York,12.674271004585965,31.385831098035823,New York,1379,777,NA
11426,88803,0.07547534021812566,0.7195327147733283,0.05869030983472269,0.49527896995708154,0.04924480805538074,0.26212459908640295,0.2176818422191241,0.14525876277332161,0.12903225806451613,20801,New York,10.459641189336171,26.96953951646273,New York,837,418,NA
11427,74581,0.08499443921635726,0.8018887548362941,0.06962052332778418,0.4672905525846702,0.0652,0.39907424214921033,0.24096185048050922,0.07087458745874588,0.11536381411989849,24037,New York,11.62886146782409,28.91756462682641,New York,1149,635,NA
11428,73699,0.08443481019350746,0.8893232606054202,0.06532079061409998,0.5180004337453915,0.04875854623965455,0.38979478646699944,0.21717998837762165,0.05731523378582202,0.09620159543557505,18929,New York,11.919740860504806,29.333870026048686,New York,936,547,NA
11429,83240,0.08834545053976647,0.9841623179943801,0.06282722513089005,0.5389921580017427,0.06689373297002725,0.4033470952521381,0.21431960004379083,0.11859728874096924,0.13903587198481918,27403,New York,13.530553974293674,36.01827605836355,New York,1273,767,NA
11432,55906,0.14929849357096073,0.8706428375743316,0.10007382495283405,0.47402642802209327,0.1929692133498679,0.5285351820748312,0.19990975456464635,0.1522663280516756,0.21673408215557668,62053,New York,12.245088046350066,27.865221356436837,New York,2280,1292,NA
11433,51521,0.17054135751580105,0.983556688317027,0.11196445224642054,0.5740517186606519,0.0924992870044681,0.503735255570118,0.1813149168242484,0.1797565663036515,0.17783441585135246,36489,New York,13.827111367422788,34.54179161860823,New York,1322,722,NA
11434,62207,0.11196593152111406,0.9844355610949826,0.06139035141422799,0.5349252761533463,0.043146025533501074,0.46313677480786236,0.20473925004939886,0.07189390414146114,0.08659239105652748,65791,New York,13.630349009990697,36.75119054809911,New York,2869,1569,NA
11435,64086,0.15762030942815625,0.8863835671883432,0.12180433270565084,0.5091518083702676,0.14247112429797607,0.5891446238406046,0.17638626551538047,0.15447277572527407,0.23718294657312466,59296,New York,12.432174494197705,29.875000911355492,New York,2283,1215,NA
11436,75242,0.11075521745658376,0.9846590626089555,0.08781192409224486,0.5660925295413579,0.08994803798602401,0.4288676897552882,0.16167754146535837,0.09378394689197345,0.1468844946954226,20077,New York,13.093189435581177,34.51121687446932,New York,771,415,NA
11691,46147,0.2143819181051165,0.7604107669836349,0.07986319730091972,0.5342651912250048,0.10575895892007381,0.39452393288430115,0.17581303842370405,0.09084586629574894,0.11919098578114287,67094,New York,13.89698648792993,33.970408299508655,New York,2914,1738,NA
11692,44024,0.25432123223218267,0.90029060073364775,0.06565307532826538,0.5468331846565566,0.08026412325752018,0.4811076604554865,0.1731218141108094,0.08251133031191682,0.10833214234672002,20991,New York,13.45987821561737,33.50920357305722,New York,815,457,NA
11693,59431,0.14042220484753715,0.5305364192274944,0.04809261129671354,0.5342422320862397,0.04499484004127967,0.42341761958447416,0.19235234925303815,0.0668566986265872,0.07516061614676059,12919,New York,10.747526165556613,29.179257849666982,New York,535,275,NA
11694,80976,0.09885351572110415,0.2699728388124005,0.03904757238743815,0.3847782364771885,0.03613604156825697,0.24106373815676144,0.2805095064156598,0.05584950029394474,0.04364521869438981,21354,New York,9.77175113122172,28.991678733031673,New York,1094,551,NA
11697,103580,0.031073446327683617,0.08389830508474576,0.005932203389830509,0.48874172185430464,0.018315018315018316,0.12255892255892256,0.3367231638418079,0,2.824858757062147e-4,3540,New York,9.1,29.9,New York,177,79,NA
19102,90750,0.14307624890446977,0.27425562082236177,0.027141989062183514,0.21506442021803765,0.010745466756212223,0.19098497495826378,0.22199716426979949,0.1877890841813136,0.09175612720275471,4937,Philadelphia,5.811604693690948,21.196929289850654,Philadelphia,163,33,NA
19103,73611,0.08814385345769263,0.27874809034229325,0.02814258911819887,0.23641943066074694,0.017818109558190368,0.17014945113080276,0.2638424377554812,0.26919758412424505,0.08774102977001527,24219,Philadelphia,5.880458818502297,21.17809261831001,Philadelphia,676,127,NA
19104,25865,0.453493281673,0.6541768702472796,0.05074292122231567,0.3922151165718314,0.04655425219941349,0.2845478354644893,0.0997956215131373,0.5438764643237487,0.11914713409806485,54311,Philadelphia,11.54841154037473,29.0828436411872,Philadelphia,1029,347,NA
19106,109393,0.07483292296869504,0.23272727272727273,0.03371970495258166,0.22935779816513763,0.019481515569872678,0.2575268817204301,0.24888888888888888,0.1346915676287493,0.05971717171717172,12375,Philadelphia,7.121843661189691,22.605396400222126,Philadelphia,266,39,NA
19107,53534,0.23302444479948872,0.44509345794392524,0.04075808576028099,0.3657564040599323,0.03337403337403337,0.23086496577473553,0.1464661214953271,0.2927038626609442,0.11528913551401869,13696,Philadelphia,7.667771009755857,22.47771504976972,Philadelphia,670,98,NA
19111,48186,0.1757743641400151,0.562955041530551,0.11410999513295872,0.5311186269241711,0.03581278729628082,0.15961969043060648,0.18242679050144295,0.19001297016861218,0.11131945563482414,68263,Philadelphia,11.564649988338015,32.11871799292168,Philadelphia,1413,454,NA
19114,56781,0.10032816134068245,0.24404461809931938,0.04481721791422694,0.48711052804198096,0.010317215891592239,0.1031154307016376,0.26802369548777416,0.1055846422338569,0.03853667759011848,31736,Philadelphia,10.139139304449193,31.22500680007772,Philadelphia,635,186,NA
19115,52635,0.1222261567516525,0.3181066736274254,0.06923302967969439,0.5470224536283762,0.0260042129730515,0.12435510887772194,0.3022419443719365,0.19215325414087334,0.10325125438672815,34479,Philadelphia,11.149645812796587,32.78651108411086,Philadelphia,900,415,NA
19116,55123,0.1364764992843163,0.33300870760769935,0.09374726461062644,0.5661684287276705,0.03205938092229943,0.07446676587301587,0.28230980751604035,0.23041675758236962,0.15496104491292392,34912,Philadelphia,11.16409523809524,32.54019327731093,Philadelphia,731,320,NA
19118,85437,0.06636681659170415,0.3452697133437128,0.04915127774668905,0.3056776556776557,0.00947012401352875,0.20614117206515634,0.2684311750160271,0.24856733524355298,0.04734865830204231,10919,Philadelphia,8.900366007852533,29.226565515405607,Philadelphia,232,74,NA
19119,61297,0.10358105506353485,0.6870130312000272,0.05703752651897193,0.3286046849992725,0.006705783738474434,0.27756257449344457,0.27821441938008235,0.07743933918430562,0.015617025620087781,29391,Philadelphia,14.48188837018417,39.552924126609554,Philadelphia,603,207,NA
19120,37891,0.29080806052085423,0.9396299902629016,0.13812007309493005,0.5966751584035535,0.03555115056450918,0.2230091494408675,0.11941950887676568,0.11116878622718228,0.11724533486281362,74971,Philadelphia,14.952675973519066,35.2259780812474,Philadelphia,1149,463,NA
19121,19668,0.48693236957467456,0.866690528096834,0.10133220416273085,0.5546265328874025,0.01335559265442404,0.3831704044470002,0.16139003676829466,0.32398753894080995,0.030097940324732373,30733,Philadelphia,16.948719492311938,40.38013896204881,Philadelphia,735,215,NA
19122,35828,0.3382952137773673,0.7229007977644567,0.09702031602708804,0.4958612087538269,0.03920061491160646,0.3115137346580947,0.13336638572136836,0.1249083353703251,0.04556722405011944,22187,Philadelphia,12.308639434889434,29.426996314496314,Philadelphia,465,120,NA
19123,73730,0.19442277691107646,0.5169313181557299,0.06926772266943651,0.2767117542204047,0.01888549009176752,0.24227414665661678,0.16720872393342262,0.10665137614678899,0.04661692494101141,15681,Philadelphia,10.615593038601121,28.398573078192015,Philadelphia,550,150,NA
19124,33427,0.34318758568386665,0.8594649459870949,0.1223486057510954,0.5747149192271144,0.03022014382141439,0.24817993248464637,0.12668745015587618,0.09850435209022924,0.0713405350540129,68965,Philadelphia,13.65345186624886,33.26135119590655,Philadelphia,1088,418,NA
19125,65218,0.1752518687032824,0.2526951446867148,0.09588596028103806,0.3720590282611722,0.021070333366307252,0.2673540004236989,0.1341087784712653,0.06130124106807071,0.031855394342222586,24674,Philadelphia,12.050344511574231,28.961984929740005,Philadelphia,485,106,NA
19126,41266,0.2525613061008659,0.9462901090588162,0.11683532658693652,0.5264951967771925,0.012623205948469652,0.3042505592841163,0.24591817436802624,0.12662521198417184,0.037256508857088824,15863,Philadelphia,17.049869196829487,43.31962828472141,Philadelphia,495,253,NA
19127,73750,0.22912524850894633,0.18727392305162777,0.07355603093631727,0.33670487750056194,0.006326611308817715,0.18902300159416993,0.10144689246958237,0.18072289156626506,0.01611312068398553,6082,Philadelphia,5.593181450089078,19.98314527884252,Philadelphia,101,19,NA
19128,72563,0.09871346260096293,0.2310945208697695,0.051967801987466894,0.35629930235739365,0.021844660194174758,0.15713822042935968,0.20608734239995824,0.22676436559969146,0.027330392336004594,38309,Philadelphia,6.814194638432078,23.555361567920702,Philadelphia,740,193,NA
19129,63926,0.1560841159657003,0.4807330827067669,0.062261995430312266,0.30824794221400975,4.5589240939138365e-4,0.24505649717514125,0.16522556390977444,0.1088709677419355,0.029605263157894735,10640,Philadelphia,12.852570986060918,33.98220960247806,Philadelphia,271,60,NA
19130,82632,0.12588711774978634,0.3476468442174389,0.037699443413729126,0.26667042444056144,0.024100015062509413,0.17914529914529914,0.16614374315943087,0.27377279102384294,0.0572053994892375,27410,Philadelphia,9.238571167549791,27.454592675732815,Philadelphia,755,141,NA
19131,34844,0.329885631404998,0.8930890331761985,0.07796886683434165,0.4778011414839291,0.0194313882838473,0.338667157133223,0.21946989237747933,0.265201621506294,0.05365560793382549,44972,Philadelphia,17.501828502040297,43.21471697047569,Philadelphia,1220,457,NA
19132,20955,0.3942557928071991,0.9681016275313703,0.08639774859287054,0.5773115773115773,0.01715615004361733,0.4314300151591713,0.20797614610510623,0.3812549642573471,0.020468381165362155,32196,Philadelphia,19.746980808839098,45.910881407480126,Philadelphia,904,303,NA
19133,19130,0.5165375720421423,0.9646230715926912,0.13207132657171103,0.644233534656313,0.05927921859211856,0.2866564417177914,0.1538349319814727,0.059157122206160345,0.05729603559575477,27419,Philadelphia,18.497570826038515,36.636799697596686,Philadelphia,480,194,NA
19134,28911,0.4098663959656821,0.649579736298753,0.0974107448385993,0.5658977746164007,0.0605648008068583,0.2154337469242448,0.12459965208343494,0.07295850066934405,0.041652441106179584,61509,Philadelphia,14.378029427052946,32.04931312124073,Philadelphia,986,273,NA
19135,44779,0.2143263217737351,0.5464279644212793,0.10342677361752785,0.5902472527472528,0.02369192130598577,0.20011226494527085,0.14933998073763527,0.2412842229663187,0.060393178856722,35302,Philadelphia,10.752861170095922,30.64225854872959,Philadelphia,579,172,NA
19136,48576,0.18444919057789333,0.36257615317667535,0.06260805137070882,0.5271350739404231,0.01316415543219667,0.16022941774357485,0.19756309834638816,0.16503929507025483,0.032666086451987236,34470,Philadelphia,10.58588047220856,31.24156910969011,Philadelphia,842,376,NA
19137,54006,0.187373917170998,0.11624616835651969,0.07073803348266919,0.5342872570194385,0.011494252873563218,0.11756645656344204,0.16682386229662816,0,0.008842254185333649,8482,Philadelphia,10.061799643634922,29.841348247871707,Philadelphia,235,21,NA
19138,39851,0.2209525005493988,0.9744745208185438,0.08588805532400975,0.5806551777674274,0.009617081348155991,0.3210758731433159,0.23451341090774402,0.1365392872477458,0.023241458069693507,32399,Philadelphia,17.80875702564765,44.21466987531494,Philadelphia,690,253,NA
19139,28505,0.3648971240195521,0.9433920213951416,0.10842283776144716,0.5439307078763709,0.023433275250856214,0.4533145995657172,0.1871629150880321,0.20046824700029264,0.035569422776911074,44870,Philadelphia,18.545771422525206,44.76013724927067,Philadelphia,1148,432,NA
19140,21665,0.41951830330065937,0.9699034199779356,0.11345054344644565,0.6088505531595725,0.029904111815374612,0.39076203469109333,0.16983761395087774,0.0987618494873283,0.04401261927342404,51667,Philadelphia,18.8119936242519,40.669126743055344,Philadelphia,1053,378,NA
19141,31018,0.2795801812038394,0.9569917203311867,0.10207083525611445,0.5423904974016333,0.02518553608084636,0.37212026552128075,0.19733210671573137,0.16480134303301622,0.04473321067157314,34784,Philadelphia,17.208604112965435,42.308807315283445,Philadelphia,629,263,NA
19142,30431,0.3306471741843466,0.9405912450255827,0.11420751430704155,0.5661949212084714,0.03606116966315354,0.3918430562725865,0.13320778851620238,0.23848786558805227,0.11466031836270608,28144,Philadelphia,15.27623616913824,39.45873697259079,Philadelphia,729,294,NA
19143,33351,0.3060834450763706,0.8838567290450136,0.10210302675739755,0.4781360338338571,0.01924886310177199,0.4248747913188648,0.19453767989332843,0.1393457771206801,0.035082072738976504,65247,Philadelphia,16.9378763418316,41.93911648775579,Philadelphia,1648,509,NA
19144,33786,0.2980496668685645,0.8382601748284613,0.06579418718505958,0.4569861094899031,0.023996808025535797,0.30913559525236783,0.2181126045680985,0.18894601542416453,0.022840492527493185,42556,Philadelphia,16.548566618060462,41.31383623216729,Philadelphia,930,325,NA
19145,42009,0.2137561334111493,0.5156896810587049,0.09596306635172858,0.47307637469702013,0.01805881390146762,0.3196162462257719,0.22300152285352723,0.16690821256038646,0.07616412500268108,46623,Philadelphia,13.509576159619757,35.646242883277196,Philadelphia,1389,308,NA
19146,63524,0.17493459057586197,0.5539577598847529,0.052961996538093886,0.3610895297289886,0.017150940060116696,0.24893281365998515,0.16342962982018366,0.17351752021563344,0.03151287526046356,38873,Philadelphia,9.901201463296875,28.273564093517297,Philadelphia,1396,274,NA
19147,77695,0.1116816431322208,0.33640552995391704,0.08417327075478957,0.31912481101965395,0.02219099478892207,0.21337946943483274,0.1544546850998464,0.13818700927908636,0.07301587301587302,39060,Philadelphia,7.7649345581660025,24.299913828144053,Philadelphia,994,166,NA
19148,52584,0.2232040613787312,0.44025934517245313,0.11941751278723567,0.46621217557708405,0.05609382967873534,0.3220641290688719,0.20084040004563258,0.251211818111872,0.13938852340571167,52594,Philadelphia,10.689098132813296,29.507753991238918,Philadelphia,1396,316,NA
19149,45126,0.22068454635756016,0.6584106115741284,0.14689852933778277,0.5883224110481692,0.028284960422163587,0.16791002385731058,0.14344406620495365,0.1780159521435693,0.16465715291868596,59633,Philadelphia,11.986233674549947,31.62092501078558,Philadelphia,852,326,NA
19150,46150,0.1255112929041437,0.9760803841365819,0.0695358349635426,0.45079527963057975,0.007329075489477543,0.25713376471836213,0.3144673661746399,0.031198686371100168,0.02569802596478748,22492,Philadelphia,16.791043384078467,44.16689933208978,Philadelphia,612,233,NA
19151,48369,0.18267482729366138,0.9351902091999759,0.08678994841473348,0.48233695652173914,0.022018657030002522,0.3480060714778529,0.17387110387652982,0.24833776595744678,0.04229215650810876,33174,Philadelphia,14.468032530497341,39.19326973204045,Philadelphia,822,319,NA
19152,52696,0.14404563160823594,0.4658860981465994,0.10192516043003584,0.5431132357334927,0.043220210013696546,0.12451749470800648,0.2583160223379286,0.19536765289125088,0.12736396255429358,37067,Philadelphia,11.421864223909962,33.1818295288667,Philadelphia,745,247,NA
19153,42418,0.22161214062380843,0.879529946929492,0.07702805155420774,0.5450087011548805,0.016553246275519587,0.28238428238428237,0.20993176648976497,0.19681978798586572,0.07672479150871872,13190,Philadelphia,14.789639410868462,39.4741937531742,Philadelphia,293,103,NA
19154,65082,0.08149961654179694,0.22027267684582372,0.05844193965011154,0.4728490832157969,0.015692901979719943,0.09208069858476363,0.22144045777012233,0.14679124661912957,0.0419233351823198,34253,Philadelphia,9.676856308009626,30.10217142202361,Philadelphia,759,177,NA
48201,15168,0.5361829025844931,0.7584931678575906,0.0971020897783951,0.41663942464857795,0.04125689613816263,0.07824081699884698,0.18478124608248717,0.721763085399449,0.09552463332079729,15954,Detroit,16.035453672587614,41.1638399286743,Detroit,NA,145,NA
48202,26164,0.3872579210292206,0.7632874322387688,0.06816897872073314,0.48149717514124296,0.023076923076923078,0.09196067090803933,0.21527821048040377,0.3345771144278607,0.02641909153218269,16049,Detroit,16.53690476190476,43.65795784263526,Detroit,NA,317,NA
48203,21013,0.3816476418016105,0.928157286716945,0.08754134509371554,0.5599666851749028,0.005560610656152058,0.13035512965050733,0.23200662626967175,0.09725158562367867,0.007716116657221326,22939,Detroit,17.837008212581157,46.51658425420303,Detroit,NA,134,NA
48204,24362,0.4217366349622827,0.9796933616049585,0.09668168783285538,0.6044524980585038,0.01814368117461982,0.1158922914466737,0.21126243679660742,0.1615598885793872,0.006116457347904094,24524,Detroit,21.486590359503467,52.27629211671771,Detroit,NA,325,NA
48205,36307,0.27357637842723714,0.963861808971225,0.11098943380590168,0.5780199085283831,0.010559580699861262,0.04908559385410293,0.12508467587547492,0.09004739336492891,0.0012370040938945012,33953,Detroit,15.898328996681865,44.11204554677616,Detroit,NA,432,NA
48206,22308,0.412475884244373,0.9445538266116227,0.09799058883377845,0.6078813889972688,0.01061434544869733,0.12474808544941555,0.2203874245792315,0.0970873786407767,0.010225468402667514,15745,Detroit,20.889739203163014,51.354995437956205,Detroit,NA,206,NA
48207,29625,0.33840395412447816,0.8447008949599624,0.055211781071617026,0.36476141872926765,0.016883452493754846,0.10430247718383312,0.3003297220913801,0.17397881996974282,0.011163447951012718,21230,Detroit,19.473058170555948,49.22126583054797,Detroit,NA,343,NA
48208,21070,0.42473591549295775,0.8321009134406263,0.06693043191559513,0.45208333333333334,0.03145574250182882,0.10363349131121644,0.1926924749891257,0.125,0.007068290561113528,9196,Detroit,19.15597366869719,46.556091570053056,Detroit,NA,136,NA
48209,27418,0.4404911742133538,0.8015021459227468,0.17906192519926425,0.7213035954624111,0.056347930895942144,0.03033861812487767,0.1072041692213366,0.052913258608502475,0.19662783568362968,32620,Detroit,14.690823880597016,33.94293432835821,Detroit,NA,168,NA
48210,29007,0.40681039693733634,0.7409622452388908,0.17297857405488518,0.7608671849337567,0.062423364173447786,0.03510733452593918,0.11911125960574674,0.10375574169143474,0.2199131306381557,29930,Detroit,14.985001095495946,36.20086700679207,Detroit,NA,142,NA
48211,23507,0.42233268240724303,0.655428933206711,0.11625858728201513,0.5569904548006738,0.06775588659298415,0.07894736842105263,0.15004748338081672,0.19845360824742267,0.05207344096232985,6318,Detroit,18.516663600122662,45.341263416130026,Detroit,NA,55,NA
48212,26435,0.4596763225894193,0.6101779303477373,0.13401753957264262,0.6507190265486725,0.07931513188338732,0.048430913348946135,0.1362385681716936,0.29307282415630553,0.21086973611802626,38161,Detroit,18.112231786170256,44.63028293727606,Detroit,NA,100,NA
48213,23559,0.4319093908855792,0.980171090151349,0.0847984372225182,0.6775902942406917,0.030419191294670456,0.15063731170336037,0.21952182496161438,0.04477611940298507,0.0021934634788330775,22795,Detroit,20.28120660619848,50.12890359559193,Detroit,NA,296,NA
48214,28961,0.33268235523874623,0.8613297922792374,0.0765011407213242,0.487101112605453,0.022235759975632045,0.1367936270848892,0.2853077871573556,0.017114914425427872,0.004457934174333681,21086,Detroit,20.908880854423803,52.238224660266795,Detroit,NA,330,NA
48215,22721,0.42032390702357975,0.928374655647383,0.08201390634162688,0.5816871329418046,0.04024514811031665,0.0691045980102178,0.2231404958677686,0.15789473684210525,0.0030887386259287088,11979,Detroit,19.577273925652516,49.44805562878988,Detroit,NA,140,NA
48216,31000,0.3306888544891641,0.7119134968140568,0.11701100598571153,0.5086315789473684,0.008620689655172414,0.04050522648083624,0.17802664607067,0.12734082397003746,0.07318015060822552,5179,Detroit,14.524503311258277,37.941411685807694,Detroit,NA,47,NA
48217,26413,0.399012632496007,0.9597792943226369,0.12400174241324234,0.6761619190404797,0.016783216783216783,0.12601214574898786,0.24161463627123567,0.09327548806941431,0.017859735733991577,6887,Detroit,21.870974299404676,53.18116741687237,Detroit,NA,85,NA
48219,33029,0.3286110061705075,0.9408932425701477,0.10147535837605945,0.5699862322166132,0.023056104923493286,0.053074124873278075,0.21895234932757762,0.18948734587929916,0.016167192429022082,48184,Detroit,17.84158152363933,47.43427411522474,Detroit,NA,695,NA
48219,33029,0.3286110061705075,0.9408932425701477,0.10147535837605945,0.5699862322166132,0.023056104923493286,0.053074124873278075,0.21895234932757762,0.18948734587929916,0.016167192429022082,48184,Detroit,17.84158152363933,47.43427411522474,Detroit,NA,695,NA
48221,41297,0.22526490957589998,0.9445015661987997,0.07548839099973698,0.5280312087082363,0.01265905383360522,0.04470028299459738,0.2350015542430836,0.26545842217484006,0.010497118672437293,41821,Detroit,18.217580716497125,48.600948896304935,Detroit,NA,562,NA
48223,35562,0.30658663073216547,0.9161253653783696,0.079611886976291,0.5850144092219021,0.022849598862597742,0.04857456140350877,0.1971419291977915,0.16764132553606237,0.01112374147450471,24632,Detroit,17.007332142325442,46.18596347575802,Detroit,NA,272,NA
48224,32817,0.3723414516517965,0.9246420317823363,0.08329331540530158,0.610717690317309,0.028149190710767064,0.09323151683443248,0.14873847473375743,0.14705882352941177,0.003049579491577919,41973,Detroit,16.3000266539743,44.66651499286055,Detroit,NA,518,NA
48226,57083,0.1985463570288956,0.5822638788752703,0.03965149359886201,0.26177116369846304,0.016069221260815822,0.051338737410955536,0.15746214852198992,0.4203045685279188,0.09142033165104542,6935,Detroit,12.05100562148657,36.85651467832605,Detroit,NA,58,NA
48227,29250,0.3514282270700253,0.9839864040022022,0.08599467332101639,0.6371373307543521,0.021773040426361627,0.07263242375601926,0.2014026856882974,0.01694915254237288,0.003231443138569069,41777,Detroit,19.271130610397297,49.28039625335144,Detroit,NA,553,NA
48228,26269,0.4163775408257797,0.8405009239822739,0.09503901392968482,0.6236199397791904,0.04318712691409291,0.06840335176423645,0.1456841954177656,0.22484449323088182,0.048800617184276154,55737,Detroit,16.883549857109756,44.92244226461729,Detroit,NA,559,NA
48234,27947,0.37586521751936613,0.9618515048600539,0.0972128403183647,0.6499951252802963,0.024124021197500595,0.08471510400964727,0.18336456259515166,0.1623931623931624,0.003571846820470781,34156,Detroit,19.11984282907662,48.84655761510208,Detroit,NA,396,NA
48235,31759,0.3111540648095509,0.9869059057493352,0.08076358296622614,0.5778033586132177,0.02361228515074669,0.04624396967608546,0.24063191294438363,0.10410094637223975,0.005407458717851317,44753,Detroit,20.45449530680863,51.616746637713646,Detroit,NA,848,NA
48235,31759,0.3111540648095509,0.9869059057493352,0.08076358296622614,0.5778033586132177,0.02361228515074669,0.04624396967608546,0.24063191294438363,0.10410094637223975,0.005407458717851317,44753,Detroit,20.45449530680863,51.616746637713646,Detroit,NA,848,NA
48238,24280,0.4156032052233269,0.9815903293778419,0.09300518134715026,0.6336106056667533,0.01421062877165661,0.07853333333333332,0.21755203134819415,0.09756097560975609,0.005101474991682378,27051,Detroit,20.167271510565463,50.21760224435693,Detroit,NA,295,NA
60601,103243,0.08422926308294765,0.3405792163543441,0.02997200791971052,0.14839339991315675,0.02606046931407942,0.1782178217821782,0.19993185689948892,0.5633030990173847,0.23938671209540033,14675,Chicago,4.968043027350345,18.933201485697747,Chicago,240,41,0
60602,157125,0.02404643449419569,0.3665594855305466,0.008842443729903537,0.1817204301075269,0.03488372093023256,0.25053763440860216,0.008038585209003215,0.6419753086419753,0.11736334405144695,1244,Chicago,4.597505744725297,17.764152914142468,Chicago,240,41,0
60605,111164,0.0964589466797514,0.42654166212435046,0.02640792610250298,0.22295988934993083,0.01810313739632167,0.28690146418678275,0.14277408336058722,0.2336307019020367,0.10360114829753989,27519,Chicago,5.356947010413168,19.56738957003695,Chicago,553,97,0
60606,131477,0.0764269590454692,0.31344727507255726,0.023632243444480415,0.1569242840329541,0.0345489443378119,0.14980392156862746,0.1944534021283457,0.28297055057618437,0.10835214446952596,3101,Chicago,3.39919765857597,14.422919715395873,Chicago,177,26,0
60607,93508,0.2174693389171403,0.4782197289716468,0.03399036654937997,0.23562058526740667,0.03173984247056071,0.26769848094009746,0.07792910006420871,0.40965591785263916,0.12115170153087088,29591,Chicago,5.39918309198781,18.819200043279896,Chicago,785,189,0
60608,44043,0.22509980255667492,0.8087494476358815,0.1516088400320623,0.49232959497937123,0.04811331798493776,0.28776361323907834,0.14406918755129094,0.09297865243495664,0.15481345874629127,79205,Chicago,10.566333707444818,26.761721848110735,Chicago,1688,522,0
60609,35179,0.27899332810047095,0.850849662574193,0.15653138457523164,0.6121106987251896,0.06125321555113333,0.23132391116238823,0.15625660622814863,0.08715251690458302,0.18586876981868444,61495,Chicago,13.07839992600814,31.515608583055865,Chicago,1303,457,0
60610,86803,0.11712361712361712,0.31292447269279067,0.03804628577332369,0.2107958264351442,0.018479522110963084,0.3638604178076833,0.2110253978830826,0.26944253269098417,0.06317435095722597,39019,Chicago,5.83758765579309,21.93523408000454,Chicago,689,125,0
60611,103522,0.10079144117371039,0.28554246592240795,0.020384876333806205,0.19092051827499518,0.017417736176782786,0.20773709661502024,0.29649047061000433,0.3576876756322762,0.1246838956393018,32426,Chicago,6.0737432702195875,22.932417881555867,Chicago,680,83,0
60612,41300,0.3263385515014924,0.7862493078021626,0.08265224239902517,0.36855286313794505,0.03743722416679349,0.337696335078534,0.13310600099093586,0.27538137822198844,0.05380198770073737,34311,Chicago,14.027641212837338,37.022872576118836,Chicago,1500,331,0
60613,82321,0.1122989289582414,0.2696505896673518,0.06022212421314301,0.21999493941353426,0.02170214374834587,0.4827644857693616,0.12565601740067447,0.17492059757675568,0.0681659449643805,50113,Chicago,5.254247431494229,19.26603234032517,Chicago,806,196,7
60614,107461,0.08634920634920636,0.20398833230493071,0.028868719427715097,0.15994600978572635,0.011642448785135779,0.44156621355903225,0.12295955573007236,0.2297697020916966,0.05643125596006058,71308,Chicago,4.08532800513374,16.6569154780309,Chicago,1179,238,27
60615,44111,0.24647268466533223,0.7357264875009022,0.06992922825092678,0.2931619439002246,0.013351008427232271,0.3065156640682453,0.19926376825541947,0.3724418059678175,0.09443495416596492,41563,Chicago,10.707654539600773,32.78527648100451,Chicago,1145,213,0
60616,45997,0.25319243475069064,0.7583725029377203,0.09151935556052808,0.3860128149118975,0.043658107056558954,0.2659039242723512,0.2147473560517039,0.26481173864894797,0.190951821386604,54464,Chicago,11.146216654549521,29.196527039874727,Chicago,975,215,0
60617,40265,0.23345688764659414,0.9368139191121235,0.09790438768827767,0.5748739871115932,0.030722293174400454,0.24785072293864788,0.2053093270652095,0.04983691117348099,0.0824387525141154,82534,Chicago,15.826444920138318,39.8319096821999,Chicago,1856,422,0
60618,73810,0.11365545995043659,0.5174214735949997,0.1402481157448256,0.3617479440865804,0.02336781510928728,0.29096103603180273,0.132146829810901,0.11477880774738111,0.14978547592563166,94395,Chicago,7.721821734716465,22.52444449533231,Chicago,1661,426,12
60619,33454,0.2542631087522728,0.9860589637271866,0.10169823964956441,0.5198223116251781,0.022261187771594113,0.28064404432132967,0.25110189689509943,0.109979633401222,0.006856247347285253,61258,Chicago,17.47345586802624,46.674030005845296,Chicago,1845,506,0
60620,35890,0.2538941502526937,0.9889127114661654,0.09851400153928128,0.5273326103546612,0.019295534688379096,0.26466024175106173,0.23756167763157895,0.1136,0.00682859492481203,68096,Chicago,16.673576076709054,44.85366874382027,Chicago,2006,603,0
60621,20991,0.4345233920179561,0.9889814751050203,0.12625874125874126,0.5819430814524043,0.027706422018348623,0.4145747950819672,0.19971076372150678,0.10508474576271186,0.017388609599889814,29042,Chicago,18.96223612197029,46.60031274433151,Chicago,832,254,0
60622,93988,0.1265183541519215,0.35324758964256625,0.06313540732828504,0.25878417604290493,0.016744980777445535,0.3440917503224721,0.08664027427878696,0.09944169387970084,0.06711117004148277,52793,Chicago,6.1081440508414735,19.96890798059446,Chicago,1114,257,18
60623,31634,0.3335089382924174,0.9708300864164505,0.21382342308723895,0.6651322999843432,0.0973005398920216,0.21875198374912716,0.1357424487374824,0.05033049001144714,0.2204724409448819,85979,Chicago,14.370993225681014,33.255523832913774,Chicago,1814,769,0
60624,22992,0.44193150608149767,0.9726478234415621,0.12037761144006258,0.5796898355754858,0.06127968895275125,0.3847044073681165,0.15061673765141878,0.11150234741784038,0.018031970794844848,36158,Chicago,18.09298610774965,44.762918502024945,Chicago,1214,368,0
60625,64117,0.14706342175204545,0.5446159282207892,0.13741529587422316,0.40614135432788284,0.051071900294645575,0.3297085689430187,0.14339436921873225,0.14906832298136646,0.17559910654568858,79243,Chicago,7.8033384484228465,22.7312406933788,Chicago,1373,431,22
60626,40591,0.2478831361902915,0.5486828875930022,0.1344098343577456,0.40784654991116426,0.06495070705268323,0.4115000184413381,0.150372008847778,0.1868428738317757,0.15272471345264427,49730,Chicago,9.638783845352773,28.092981970840928,Chicago,1243,386,23
60628,40261,0.2657674685860312,0.9808015107007974,0.08844683860483313,0.5192998389959955,0.025917550878413638,0.2635625982412167,0.22330795515856364,0.10051282051282051,0.012828967088304059,66724,Chicago,17.385597910391002,45.882547561622445,Chicago,1697,470,0
60629,42019,0.18328346944826285,0.9177201609298167,0.1510344950912895,0.6460029730869074,0.05379080654789958,0.18040089086859684,0.14290567724631204,0.03122450701848153,0.19409924005364326,111850,Chicago,12.139187414879997,30.082557636946362,Chicago,2014,799,0
60630,72092,0.0886262406621541,0.43875558035714285,0.10169046619067619,0.44061380382613397,0.03011645666284842,0.20634920634920634,0.21714564732142858,0.09801602236679392,0.10639299665178571,57344,Chicago,8.926813355249227,27.36472717738764,Chicago,1235,256,10
60631,91034,0.05512816089971367,0.17867181414880287,0.021502786761164246,0.391812865497076,0.003774851103095378,0.10735507724811831,0.2540214704189102,0.07018393030009681,0.03132513799993227,29529,Chicago,8.118275663869412,28.811026554776408,Chicago,940,115,4
60632,42758,0.19881811340799432,0.9121695097705379,0.18029897440981746,0.655874525206067,0.10851593225780559,0.20862832445045473,0.13878667384307825,0.055141848540287045,0.2549127297092455,91039,Chicago,11.561773363333744,26.876441714955,Chicago,1615,648,12
60633,47083,0.2139430764310841,0.6854945225701189,0.12269548633184996,0.5389681668496158,0.0299017513882956,0.09911935544313284,0.1877864967756973,0.037294878170064646,0.06479683008313263,12871,Chicago,13.649920738851746,35.35243641877455,Chicago,284,70,0
60634,66741,0.09329611894494563,0.45970129613790384,0.11376699567923257,0.5207694092772607,0.032623678970745904,0.1046757243069862,0.20951378380156588,0.06908394186971296,0.15281268504506876,75995,Chicago,9.564454308276865,28.61113183099578,Chicago,2401,472,13
60636,27310,0.31747318533300073,0.9895040834704841,0.10579462482522914,0.611667021503087,0.03299584161996023,0.27829313543599254,0.23985342980467658,0.0498793242156074,0.027699282675527126,32203,Chicago,17.092074808272656,42.69429801489521,Chicago,780,296,0
60637,28785,0.3637233025183296,0.8554810974838791,0.07131510389087752,0.3950815767536025,0.02584234608985025,0.33768955739119716,0.17092342057571544,0.42277600695450596,0.04225144350318203,47454,Chicago,14.303039400261198,38.92554656625791,Chicago,1341,286,0
60638,67984,0.07711990174504887,0.5643995441944317,0.08670510400190486,0.5352544451256898,0.03425912173869994,0.12663190206738414,0.20001020460227562,0.029333123623781064,0.08386482303518887,58797,Chicago,9.660927761670804,29.229332824082917,Chicago,1475,363,6
60639,44150,0.21375090393280302,0.932565153507076,0.18556107073213968,0.6226918638199653,0.0691044192412984,0.1801916308173641,0.1395207530077223,0.061553381442710865,0.22033430184385253,90517,Chicago,12.315040139943148,29.82190047793084,Chicago,2146,825,21
60640,53831,0.19518775384525153,0.4469769776949007,0.09615750845992704,0.3079769736842105,0.03917755726500615,0.45062529061941703,0.1769633507853403,0.14795201556252027,0.11442300796098401,69715,Chicago,8.40478503372629,26.064668761878732,Chicago,1369,375,24
60641,60073,0.12577272920173713,0.6338087661743379,0.15720184394355044,0.5004795907492273,0.0348363137286562,0.20994699264387712,0.17333821438125677,0.07701417274706804,0.17347901384058687,71023,Chicago,9.558882465916724,26.44075896193837,Chicago,1468,390,11
60642,101939,0.11044007722389981,0.3997326865006683,0.062373149844067124,0.19266430324515954,0.02461405592140775,0.38319828242953113,0.09732191475669522,0.17290006131207847,0.07316469481708826,20201,Chicago,5.128548457338113,18.58266054738535,Chicago,381,57,2
60643,64477,0.17046464646464649,0.7967114497694004,0.057115745694615486,0.42852384124869136,0.008029441284710606,0.21097870677866773,0.250230599558853,0.115,0.008060958492079407,49870,Chicago,13.941078112286412,40.2724382967182,Chicago,1495,409,0
60644,27262,0.34499068981015774,0.9708249496981891,0.13784060381220417,0.6010631871451009,0.04963584062672134,0.3740387000744232,0.18477531857813548,0.14403859407305306,0.016515761234071093,47712,Chicago,18.180608651911466,45.79079896042924,Chicago,1479,508,16
60645,53340,0.21052743197675652,0.5499664795106008,0.12349078585045542,0.4702640532898835,0.07486927099354045,0.2173616191172885,0.1988393530545546,0.2775179950612095,0.1959691611497528,47732,Chicago,10.707836384606638,30.27803083220975,Chicago,1602,551,24
60646,89480,0.06939098528724055,0.274127273376925,0.06050577358897801,0.38075069373448234,0.02265223771093177,0.1179329943164822,0.2600850394826169,0.037086985839514496,0.05048772644442062,27987,Chicago,9.312419207912203,30.70805968854379,Chicago,694,100,4
60647,73443,0.14851439662796173,0.5565141871121827,0.106099853291766,0.3282444167580936,0.02702079852509074,0.337791313559322,0.1040692957295821,0.06800019854072567,0.1073261036007725,87509,Chicago,8.044619558981351,21.87424421390822,Chicago,1578,360,15
60649,30222,0.33511215429242047,0.9714279506344516,0.09581050026515821,0.4931749101961868,0.03564130589744808,0.43235080261759606,0.21625673561620024,0.22456813819577734,0.021054232574309058,46024,Chicago,17.307215392838053,45.31910361151409,Chicago,1438,381,48
60651,38083,0.25714922261652795,0.9585086525989434,0.15976518615800883,0.5896525096525097,0.07266066249427568,0.2239028798177032,0.16580720680818756,0.04286912751677852,0.10455882818184695,63218,Chicago,15.88149634365083,39.595750356436554,Chicago,1506,509,18
60652,68425,0.11425227747309484,0.8981483590315895,0.08444485117481526,0.5399321154038135,0.03171278982797308,0.14212461801419174,0.16191040153050767,0.04971319311663481,0.09476848794041952,43907,Chicago,11.371630781909962,32.79959204697641,Chicago,880,270,7
60653,29569,0.3486664335442032,0.9570248967846866,0.0618025479720545,0.40890818459559414,0.017495711835334476,0.2934030706934368,0.18428625046916053,0.11547344110854503,0.01651445014387589,31972,Chicago,15.716029366778832,42.549135821352095,Chicago,1021,269,14
60654,112699,0.06772929187353018,0.26187614319310165,0.018918212699242227,0.13509729805403892,0.028836592641697047,0.1463895737935893,0.09830154167755421,0.239753355096119,0.05706819963417821,19135,Chicago,3.9476103401633185,16.30152797956014,Chicago,351,88,1
60655,97572,0.03693312972761817,0.17389945840855436,0.027183724482710735,0.501618568771954,0.013488417554491252,0.0817579006772009,0.20087487848909874,0.1424,0.013192612137203167,28804,Chicago,6.871941103276649,25.534363334715884,Chicago,875,149,5
60656,61599,0.08150163220892274,0.23662931940969578,0.09851698756300084,0.5242308739450041,0.019192587690271344,0.13148404993065188,0.23858733094020812,0.19142300194931774,0.15276115885275027,27579,Chicago,8.171404737158799,27.872627317980417,Chicago,798,116,4
60657,92295,0.07626668961264323,0.19499800148461144,0.034747653925383384,0.1866500632511069,0.014908256880733946,0.5153070430441669,0.11397247758807742,0.2653146125845034,0.06286758408039742,70052,Chicago,3.9996657092515266,16.565247037242646,Chicago,1130,182,7
60659,51383,0.21547545823594538,0.6015632609330865,0.13315017416474514,0.49484797726003754,0.0888349882513454,0.18176599519883102,0.16387454952761274,0.20294582839066824,0.2193435278075387,41068,Chicago,10.734885140449109,29.240423284149735,Chicago,895,318,18
60660,49241,0.17185837642576143,0.48399703991489756,0.09470060651476477,0.3565575408722069,0.05358870187657187,0.42811929397443693,0.19289117062115535,0.18584461447910536,0.1434484991443504,43242,Chicago,8.112258396812058,25.11450161294695,Chicago,675,187,11
60661,107245,0.13685815963396034,0.48710457384646383,0.03133185573241991,0.14913232104121474,0.052444594823210955,0.2213227222832053,0.039492242595204514,0.5805620005155968,0.2903485794882128,9926,Chicago,3.6805119983968746,15.55984169129803,Chicago,150,22,0
60707,57554,0.10449086405906818,0.5193519142704387,0.09423557726008833,0.464039408866995,0.028862152822219378,0.11401164455473896,0.2186475743276227,0.0649361559139785,0.09344708152211813,43019,Chicago,10.577214860035735,29.851481536628945,Chicago,1176,245,3
60827,31954,0.33702354260089684,0.9734051859887322,0.09187637814567219,0.5840510984225298,0.03649433231960188,0.1922509587963418,0.1563845050215208,0.04215116279069767,0.009308184903943731,28577,Chicago,18.098939686036903,44.573037730652715,Chicago,592,158,1
98101,74394,0.14657620700536447,0.3460756722951845,0.04471384712272691,0.21278875922838772,0.05,0.24049716423313625,0.22654784240150094,0.46291166512773163,0.157989368355222,12792,Seattle,5.727284733911692,20.53185549656869,Seattle,NA,62,6
98102,87425,0.06113622960487517,0.2617887456774599,0.03736367573526517,0.21213840045377197,0.028887443070917368,0.2460858257477243,0.12063816409933983,0.300446207238473,0.08240333228544483,25448,Seattle,4.060794201071541,16.29262241068103,Seattle,NA,48,1
98103,99048,0.06952049436795996,0.20166611518772992,0.03153513999335691,0.22323240986934267,0.014853916032408545,0.25509936858032417,0.15022286237032134,0.21637795275590552,0.048620978258753916,51377,Seattle,4.6566819949641225,18.043762486257727,Seattle,NA,100,12
98104,43601,0.23313986757132346,0.5138574660633484,0.07355344883949003,0.3458185780441297,0.08098461538461539,0.27483216879024525,0.2445559954751131,0.27725342142520054,0.13935237556561086,14144,Seattle,8.59664507727631,25.985123881978,Seattle,NA,64,7
98105,57417,0.3051691353082466,0.3849082090010438,0.04424960052443971,0.2963143962533089,0.022941318522096108,0.26833766451504737,0.1074067252000573,0.5249862712795168,0.18032786885245902,48861,Seattle,4.254524552721735,16.25780890749905,Seattle,NA,53,1
98106,65781,0.14858109666999922,0.5575637155630278,0.059085157777692576,0.4149673875729489,0.034990791896869246,0.18427762039660056,0.15994803408352756,0.122539975399754,0.10679760039738642,26171,Seattle,8.528475776847113,24.509601364975957,Seattle,NA,92,2
98107,93943,0.053926905132192844,0.20816485225505443,0.04318703999376923,0.21630333825056003,0.035687453042824946,0.2800309854479057,0.13926905132192846,0.17318435754189945,0.04136858475894246,25720,Seattle,4.659176895306859,18.61338050541516,Seattle,NA,46,3
98108,58526,0.19394576413706116,0.724395329441201,0.0717258776539836,0.5094565477615514,0.05587044534412956,0.2266428976582125,0.19791492910758965,0.10018132366273799,0.11330275229357799,23980,Seattle,12.018018327143551,29.768966978847086,Seattle,NA,69,1
98109,102292,0.07633930111421573,0.3403992591068121,0.03842303310663859,0.16326047875863375,0.04317073170731707,0.2168622754491018,0.13521300679152087,0.5283848279326803,0.19743431433079509,29154,Seattle,4.505004212856647,17.68975201969304,Seattle,NA,42,1
98112,115265,0.07576177834132425,0.18803586879572093,0.022270483711747287,0.2124406958355298,0.008979164850492546,0.22770142818647265,0.1983796114213797,0.1611861421021726,0.05042082907260285,25426,Seattle,5.209521969866412,20.23679063052805,Seattle,NA,44,2
98115,108069,0.09195899557979874,0.23166326664296008,0.03284534534534535,0.2510324196013397,0.018438373455955278,0.2079044602797572,0.18163612883906347,0.20375,0.06539274952742789,53431,Seattle,5.545595500834631,20.729447351026764,Seattle,NA,95,5
98116,107276,0.04046242774566474,0.19884301270417423,0.030116358658453114,0.26598318899643403,0.00886205003529135,0.1640655230233458,0.22920447670901392,0.05852713178294574,0.0301346037507562,26448,Seattle,6.240072837779171,23.453692537745404,Seattle,NA,34,0
98118,72545,0.17661236702127658,0.6977867701709473,0.07093037738199029,0.4501901756089666,0.06489815253434392,0.20234567385951,0.18395408373936742,0.116586893576789,0.11375836154926088,48436,Seattle,11.67429726694122,30.238271808311495,Seattle,NA,182,9
98119,90994,0.07558937258326057,0.23803967327887982,0.03870967741935484,0.19053427665284214,0.03256888039496735,0.21875192509086427,0.16413846752236483,0.29128738621586475,0.0838584208479191,25710,Seattle,4.807667929340284,18.592266436635036,Seattle,NA,22,0
98121,111606,0.08881671053368427,0.40843439911797136,0.04240243564904511,0.13909664173632497,0.06082685223086368,0.1358921161825726,0.13313120176405732,0.4867149758454107,0.20650496141124586,18140,Seattle,5.571088343668554,19.817917378149247,Seattle,NA,16,0
98122,74598,0.17559074567060953,0.3890212325220093,0.046759295601433916,0.2994014303482587,0.035300956507953285,0.23816333015570385,0.11970481615743138,0.2386642156862745,0.07610046607975142,38620,Seattle,6.32210049684141,21.144812067328203,Seattle,NA,90,3
98125,64429,0.1364915017847434,0.3937139493819894,0.06884657184709163,0.33599340764193086,0.04250841750841751,0.2181632562475032,0.2364920541494997,0.2556903728633425,0.12395526780459093,42475,Seattle,6.951984446036224,23.65854810180245,Seattle,NA,109,4
98126,80142,0.14430632353552572,0.36692835710468985,0.049262107669923096,0.2856380138814736,0.02170557592128111,0.20132347216815882,0.17937440914135394,0.12243979293270314,0.06753257429405236,24329,Seattle,6.863958360708393,23.71833910034602,Seattle,NA,69,5
98133,64001,0.11947328979766621,0.3827967913306665,0.0728164699329463,0.3756539160761325,0.027317531095986856,0.18469656992084432,0.23650178847334222,0.19614860259032038,0.09816496285478443,47247,Seattle,7.1400193408010315,24.01485615279233,Seattle,NA,196,14
98134,74773,0.375,0.4564676616915423,0.12222222222222222,0.3691931540342298,0.14285714285714285,0.28442437923250563,0.20522388059701493,0.25748502994011974,0.08208955223880597,804,Seattle,6.268082964156263,21.0237615787354,Seattle,NA,2,0
98136,106240,0.04984930681133213,0.18293490696694165,0.02640144665461121,0.29074147501982556,0.008067715910593836,0.1573157315731573,0.22448365147227073,0.07889273356401384,0.030709941590895407,16607,Seattle,6.540916943521595,24.333624584717608,Seattle,NA,20,1
98144,74688,0.12144061595240367,0.5621604647511383,0.07744802412315506,0.3737694671597479,0.05223602946647816,0.2743860393571315,0.18093892290783484,0.17326624371034785,0.12080389386088868,31845,Seattle,9.264236409835737,26.939226906224366,Seattle,NA,135,5
98146,67556,0.12903225806451613,0.4998929412604382,0.09753726506804926,0.517162152753603,0.05785777865690832,0.11999707858603564,0.2002355292270359,0.1357332959798291,0.13478695310827207,28022,Seattle,10.080607082630692,28.590818812066708,Seattle,NA,91,3
98168,56885,0.14474777630728508,0.628413464475533,0.12448132780082988,0.5608885607039567,0.08325333798760799,0.09900678903696253,0.17789724479198485,0.20780795344325897,0.19426965605718124,32738,Seattle,14.8,34,Seattle,NA,149,2
98177,109571,0.05926854172468207,0.2059299690087423,0.03444758681440957,0.29640557939914164,0.01131901131901132,0.15941897412619155,0.29626717239465283,0.12301440709272257,0.02983486747768167,21619,Seattle,7.539725892973963,26.09845610362423,Seattle,NA,66,16
98177,109571,0.05926854172468207,0.2059299690087423,0.03444758681440957,0.29640557939914164,0.01131901131901132,0.15941897412619155,0.29626717239465283,0.12301440709272257,0.02983486747768167,21619,Seattle,7.539725892973963,26.09845610362423,Seattle,NA,63,4
98178,75282,0.1231107850330154,0.7227272727272728,0.07126360936984494,0.5106871823435215,0.056727956539908066,0.12163516609392898,0.18273460410557185,0.21376769886036606,0.11785190615835778,27280,Seattle,10.366026051676275,28.579569720264786,Seattle,NA,87,4
98199,108328,0.05450724174167314,0.21699918010385352,0.022813341241958298,0.19842494113826417,0.023464032108675512,0.13919019624078827,0.21075885943336067,0.1302647412755716,0.057119431538671765,21954,Seattle,5.992866277675645,22.596267284789388,Seattle,NA,22,1
